-180	,	0.98
-179.9	,	0.99
-179.8	,	0.99
-179.7	,	1.00
-179.6	,	1.00
-179.5	,	0.99
-179.4	,	0.99
-179.3	,	0.99
-179.2	,	0.99
-179.1	,	0.99
-179	,	0.99
-178.9	,	0.99
-178.8	,	1.00
-178.7	,	1.00
-178.6	,	0.99
-178.5	,	0.99
-178.4	,	1.00
-178.3	,	0.99
-178.2	,	0.99
-178.1	,	0.98
-178	,	1.00
-177.9	,	1.00
-177.8	,	0.99
-177.7	,	1.00
-177.6	,	1.00
-177.5	,	0.99
-177.4	,	1.00
-177.3	,	0.99
-177.2	,	1.00
-177.1	,	1.00
-177	,	1.00
-176.9	,	0.99
-176.8	,	0.99
-176.7	,	0.99
-176.6	,	1.00
-176.5	,	1.00
-176.4	,	1.00
-176.3	,	1.01
-176.2	,	1.00
-176.1	,	1.00
-176	,	0.99
-175.9	,	0.99
-175.8	,	0.99
-175.7	,	1.01
-175.6	,	1.00
-175.5	,	0.99
-175.4	,	0.99
-175.3	,	1.00
-175.2	,	0.99
-175.1	,	1.00
-175	,	1.00
-174.9	,	1.00
-174.8	,	0.99
-174.7	,	0.99
-174.6	,	0.99
-174.5	,	1.00
-174.4	,	0.98
-174.3	,	1.00
-174.2	,	0.99
-174.1	,	1.01
-174	,	0.99
-173.9	,	0.98
-173.8	,	1.00
-173.7	,	0.99
-173.6	,	1.00
-173.5	,	1.00
-173.4	,	1.01
-173.3	,	0.99
-173.2	,	1.00
-173.1	,	1.00
-173	,	1.01
-172.9	,	0.99
-172.8	,	1.00
-172.7	,	1.01
-172.6	,	1.00
-172.5	,	1.00
-172.4	,	1.00
-172.3	,	1.00
-172.2	,	1.00
-172.1	,	1.00
-172	,	0.99
-171.9	,	1.00
-171.8	,	1.00
-171.7	,	1.01
-171.6	,	1.00
-171.5	,	0.99
-171.4	,	1.00
-171.3	,	1.01
-171.2	,	1.00
-171.1	,	1.00
-171	,	1.00
-170.9	,	1.00
-170.8	,	1.01
-170.7	,	1.00
-170.6	,	0.99
-170.5	,	1.00
-170.4	,	1.01
-170.3	,	1.00
-170.2	,	1.00
-170.1	,	1.00
-170	,	1.00
-169.9	,	1.00
-169.8	,	1.00
-169.7	,	1.00
-169.6	,	1.01
-169.5	,	1.00
-169.4	,	1.00
-169.3	,	1.01
-169.2	,	1.00
-169.1	,	1.00
-169	,	1.01
-168.9	,	0.99
-168.8	,	1.01
-168.7	,	1.00
-168.6	,	1.01
-168.5	,	1.00
-168.4	,	1.01
-168.3	,	1.00
-168.2	,	1.01
-168.1	,	1.00
-168	,	1.01
-167.9	,	1.01
-167.8	,	1.01
-167.7	,	1.01
-167.6	,	1.01
-167.5	,	1.01
-167.4	,	1.01
-167.3	,	1.01
-167.2	,	1.01
-167.1	,	1.01
-167	,	1.01
-166.9	,	1.02
-166.8	,	1.01
-166.7	,	1.01
-166.6	,	1.01
-166.5	,	1.01
-166.4	,	1.01
-166.3	,	1.01
-166.2	,	1.01
-166.1	,	1.01
-166	,	1.01
-165.9	,	1.01
-165.8	,	1.01
-165.7	,	1.02
-165.6	,	1.01
-165.5	,	1.00
-165.4	,	1.00
-165.3	,	1.01
-165.2	,	1.01
-165.1	,	1.02
-165	,	1.01
-164.9	,	1.01
-164.8	,	1.02
-164.7	,	1.01
-164.6	,	1.03
-164.5	,	1.01
-164.4	,	1.01
-164.3	,	1.02
-164.2	,	1.01
-164.1	,	1.02
-164	,	1.01
-163.9	,	1.02
-163.8	,	1.02
-163.7	,	1.02
-163.6	,	1.00
-163.5	,	1.02
-163.4	,	1.02
-163.3	,	1.02
-163.2	,	1.02
-163.1	,	1.03
-163	,	1.02
-162.9	,	1.01
-162.8	,	1.01
-162.7	,	1.03
-162.6	,	1.02
-162.5	,	1.02
-162.4	,	1.02
-162.3	,	1.01
-162.2	,	1.01
-162.1	,	1.02
-162	,	1.03
-161.9	,	1.02
-161.8	,	1.03
-161.7	,	1.02
-161.6	,	1.02
-161.5	,	1.03
-161.4	,	1.04
-161.3	,	1.02
-161.2	,	1.02
-161.1	,	1.02
-161	,	1.03
-160.9	,	1.02
-160.8	,	1.02
-160.7	,	1.02
-160.6	,	1.02
-160.5	,	1.02
-160.4	,	1.03
-160.3	,	1.03
-160.2	,	1.03
-160.1	,	1.03
-160	,	1.04
-159.9	,	1.02
-159.8	,	1.02
-159.7	,	1.03
-159.6	,	1.04
-159.5	,	1.03
-159.4	,	1.02
-159.3	,	1.03
-159.2	,	1.03
-159.1	,	1.04
-159	,	1.03
-158.9	,	1.03
-158.8	,	1.04
-158.7	,	1.03
-158.6	,	1.03
-158.5	,	1.03
-158.4	,	1.04
-158.3	,	1.04
-158.2	,	1.04
-158.1	,	1.04
-158	,	1.04
-157.9	,	1.03
-157.8	,	1.04
-157.7	,	1.03
-157.6	,	1.04
-157.5	,	1.03
-157.4	,	1.03
-157.3	,	1.03
-157.2	,	1.03
-157.1	,	1.04
-157	,	1.04
-156.9	,	1.05
-156.8	,	1.04
-156.7	,	1.04
-156.6	,	1.05
-156.5	,	1.04
-156.4	,	1.04
-156.3	,	1.04
-156.2	,	1.04
-156.1	,	1.04
-156	,	1.04
-155.9	,	1.04
-155.8	,	1.05
-155.7	,	1.05
-155.6	,	1.04
-155.5	,	1.04
-155.4	,	1.04
-155.3	,	1.04
-155.2	,	1.05
-155.1	,	1.05
-155	,	1.06
-154.9	,	1.05
-154.8	,	1.04
-154.7	,	1.05
-154.6	,	1.05
-154.5	,	1.05
-154.4	,	1.05
-154.3	,	1.05
-154.2	,	1.05
-154.1	,	1.05
-154	,	1.05
-153.9	,	1.05
-153.8	,	1.05
-153.7	,	1.05
-153.6	,	1.05
-153.5	,	1.05
-153.4	,	1.05
-153.3	,	1.06
-153.2	,	1.06
-153.1	,	1.05
-153	,	1.06
-152.9	,	1.06
-152.8	,	1.06
-152.7	,	1.06
-152.6	,	1.06
-152.5	,	1.07
-152.4	,	1.06
-152.3	,	1.06
-152.2	,	1.06
-152.1	,	1.06
-152	,	1.06
-151.9	,	1.07
-151.8	,	1.06
-151.7	,	1.06
-151.6	,	1.06
-151.5	,	1.06
-151.4	,	1.07
-151.3	,	1.07
-151.2	,	1.07
-151.1	,	1.07
-151	,	1.07
-150.9	,	1.07
-150.8	,	1.06
-150.7	,	1.07
-150.6	,	1.06
-150.5	,	1.08
-150.4	,	1.07
-150.3	,	1.07
-150.2	,	1.06
-150.1	,	1.07
-150	,	1.07
-149.9	,	1.07
-149.8	,	1.08
-149.7	,	1.08
-149.6	,	1.08
-149.5	,	1.07
-149.4	,	1.07
-149.3	,	1.08
-149.2	,	1.08
-149.1	,	1.08
-149	,	1.08
-148.9	,	1.08
-148.8	,	1.08
-148.7	,	1.08
-148.6	,	1.08
-148.5	,	1.08
-148.4	,	1.08
-148.3	,	1.08
-148.2	,	1.07
-148.1	,	1.07
-148	,	1.08
-147.9	,	1.09
-147.8	,	1.09
-147.7	,	1.09
-147.6	,	1.08
-147.5	,	1.08
-147.4	,	1.09
-147.3	,	1.09
-147.2	,	1.08
-147.1	,	1.09
-147	,	1.09
-146.9	,	1.10
-146.8	,	1.09
-146.7	,	1.07
-146.6	,	1.09
-146.5	,	1.09
-146.4	,	1.09
-146.3	,	1.09
-146.2	,	1.09
-146.1	,	1.09
-146	,	1.09
-145.9	,	1.09
-145.8	,	1.09
-145.7	,	1.10
-145.6	,	1.09
-145.5	,	1.09
-145.4	,	1.10
-145.3	,	1.10
-145.2	,	1.10
-145.1	,	1.10
-145	,	1.10
-144.9	,	1.10
-144.8	,	1.10
-144.7	,	1.10
-144.6	,	1.11
-144.5	,	1.11
-144.4	,	1.11
-144.3	,	1.11
-144.2	,	1.11
-144.1	,	1.11
-144	,	1.11
-143.9	,	1.11
-143.8	,	1.11
-143.7	,	1.11
-143.6	,	1.11
-143.5	,	1.11
-143.4	,	1.11
-143.3	,	1.11
-143.2	,	1.11
-143.1	,	1.11
-143	,	1.11
-142.9	,	1.11
-142.8	,	1.11
-142.7	,	1.11
-142.6	,	1.12
-142.5	,	1.11
-142.4	,	1.12
-142.3	,	1.12
-142.2	,	1.13
-142.1	,	1.12
-142	,	1.11
-141.9	,	1.13
-141.8	,	1.13
-141.7	,	1.13
-141.6	,	1.13
-141.5	,	1.13
-141.4	,	1.12
-141.3	,	1.12
-141.2	,	1.13
-141.1	,	1.13
-141	,	1.12
-140.9	,	1.13
-140.8	,	1.13
-140.7	,	1.13
-140.6	,	1.13
-140.5	,	1.13
-140.4	,	1.13
-140.3	,	1.13
-140.2	,	1.13
-140.1	,	1.14
-140	,	1.14
-139.9	,	1.14
-139.8	,	1.13
-139.7	,	1.14
-139.6	,	1.14
-139.5	,	1.14
-139.4	,	1.13
-139.3	,	1.15
-139.2	,	1.14
-139.1	,	1.13
-139	,	1.14
-138.9	,	1.14
-138.8	,	1.14
-138.7	,	1.15
-138.6	,	1.14
-138.5	,	1.14
-138.4	,	1.15
-138.3	,	1.15
-138.2	,	1.15
-138.1	,	1.15
-138	,	1.14
-137.9	,	1.16
-137.8	,	1.15
-137.7	,	1.15
-137.6	,	1.15
-137.5	,	1.15
-137.4	,	1.16
-137.3	,	1.15
-137.2	,	1.16
-137.1	,	1.16
-137	,	1.15
-136.9	,	1.15
-136.8	,	1.16
-136.7	,	1.17
-136.6	,	1.16
-136.5	,	1.16
-136.4	,	1.16
-136.3	,	1.16
-136.2	,	1.16
-136.1	,	1.17
-136	,	1.18
-135.9	,	1.17
-135.8	,	1.17
-135.7	,	1.18
-135.6	,	1.17
-135.5	,	1.17
-135.4	,	1.17
-135.3	,	1.17
-135.2	,	1.17
-135.1	,	1.18
-135	,	1.17
-134.9	,	1.17
-134.8	,	1.18
-134.7	,	1.16
-134.6	,	1.17
-134.5	,	1.18
-134.4	,	1.18
-134.3	,	1.19
-134.2	,	1.18
-134.1	,	1.18
-134	,	1.18
-133.9	,	1.19
-133.8	,	1.19
-133.7	,	1.19
-133.6	,	1.19
-133.5	,	1.18
-133.4	,	1.19
-133.3	,	1.20
-133.2	,	1.20
-133.1	,	1.19
-133	,	1.19
-132.9	,	1.20
-132.8	,	1.21
-132.7	,	1.19
-132.6	,	1.20
-132.5	,	1.19
-132.4	,	1.20
-132.3	,	1.20
-132.2	,	1.20
-132.1	,	1.20
-132	,	1.20
-131.9	,	1.20
-131.8	,	1.20
-131.7	,	1.20
-131.6	,	1.22
-131.5	,	1.22
-131.4	,	1.20
-131.3	,	1.20
-131.2	,	1.20
-131.1	,	1.20
-131	,	1.21
-130.9	,	1.21
-130.8	,	1.22
-130.7	,	1.21
-130.6	,	1.22
-130.5	,	1.22
-130.4	,	1.22
-130.3	,	1.22
-130.2	,	1.21
-130.1	,	1.22
-130	,	1.22
-129.9	,	1.21
-129.8	,	1.22
-129.7	,	1.22
-129.6	,	1.23
-129.5	,	1.23
-129.4	,	1.23
-129.3	,	1.23
-129.2	,	1.23
-129.1	,	1.23
-129	,	1.24
-128.9	,	1.24
-128.8	,	1.23
-128.7	,	1.23
-128.6	,	1.22
-128.5	,	1.24
-128.4	,	1.24
-128.3	,	1.24
-128.2	,	1.24
-128.1	,	1.25
-128	,	1.25
-127.9	,	1.25
-127.8	,	1.24
-127.7	,	1.24
-127.6	,	1.24
-127.5	,	1.24
-127.4	,	1.25
-127.3	,	1.26
-127.2	,	1.26
-127.1	,	1.25
-127	,	1.26
-126.9	,	1.24
-126.8	,	1.26
-126.7	,	1.26
-126.6	,	1.26
-126.5	,	1.25
-126.4	,	1.26
-126.3	,	1.25
-126.2	,	1.27
-126.1	,	1.27
-126	,	1.27
-125.9	,	1.26
-125.8	,	1.27
-125.7	,	1.27
-125.6	,	1.26
-125.5	,	1.27
-125.4	,	1.27
-125.3	,	1.27
-125.2	,	1.28
-125.1	,	1.28
-125	,	1.27
-124.9	,	1.28
-124.8	,	1.27
-124.7	,	1.28
-124.6	,	1.28
-124.5	,	1.28
-124.4	,	1.27
-124.3	,	1.28
-124.2	,	1.28
-124.1	,	1.29
-124	,	1.28
-123.9	,	1.29
-123.8	,	1.29
-123.7	,	1.29
-123.6	,	1.30
-123.5	,	1.30
-123.4	,	1.30
-123.3	,	1.29
-123.2	,	1.30
-123.1	,	1.30
-123	,	1.30
-122.9	,	1.30
-122.8	,	1.30
-122.7	,	1.30
-122.6	,	1.31
-122.5	,	1.31
-122.4	,	1.30
-122.3	,	1.31
-122.2	,	1.31
-122.1	,	1.32
-122	,	1.31
-121.9	,	1.31
-121.8	,	1.31
-121.7	,	1.30
-121.6	,	1.32
-121.5	,	1.32
-121.4	,	1.31
-121.3	,	1.33
-121.2	,	1.32
-121.1	,	1.32
-121	,	1.32
-120.9	,	1.33
-120.8	,	1.32
-120.7	,	1.33
-120.6	,	1.32
-120.5	,	1.34
-120.4	,	1.33
-120.3	,	1.33
-120.2	,	1.33
-120.1	,	1.33
-120	,	1.33
-119.9	,	1.35
-119.8	,	1.35
-119.7	,	1.35
-119.6	,	1.34
-119.5	,	1.34
-119.4	,	1.35
-119.3	,	1.35
-119.2	,	1.35
-119.1	,	1.35
-119	,	1.35
-118.9	,	1.35
-118.8	,	1.35
-118.7	,	1.36
-118.6	,	1.36
-118.5	,	1.35
-118.4	,	1.36
-118.3	,	1.37
-118.2	,	1.36
-118.1	,	1.36
-118	,	1.36
-117.9	,	1.36
-117.8	,	1.36
-117.7	,	1.36
-117.6	,	1.36
-117.5	,	1.37
-117.4	,	1.37
-117.3	,	1.38
-117.2	,	1.38
-117.1	,	1.38
-117	,	1.38
-116.9	,	1.37
-116.8	,	1.38
-116.7	,	1.38
-116.6	,	1.37
-116.5	,	1.37
-116.4	,	1.39
-116.3	,	1.40
-116.2	,	1.40
-116.1	,	1.40
-116	,	1.39
-115.9	,	1.40
-115.8	,	1.39
-115.7	,	1.41
-115.6	,	1.41
-115.5	,	1.40
-115.4	,	1.40
-115.3	,	1.41
-115.2	,	1.41
-115.1	,	1.41
-115	,	1.42
-114.9	,	1.42
-114.8	,	1.42
-114.7	,	1.42
-114.6	,	1.41
-114.5	,	1.42
-114.4	,	1.42
-114.3	,	1.42
-114.2	,	1.43
-114.1	,	1.43
-114	,	1.43
-113.9	,	1.43
-113.8	,	1.43
-113.7	,	1.43
-113.6	,	1.44
-113.5	,	1.44
-113.4	,	1.43
-113.3	,	1.44
-113.2	,	1.44
-113.1	,	1.45
-113	,	1.44
-112.9	,	1.43
-112.8	,	1.45
-112.7	,	1.45
-112.6	,	1.45
-112.5	,	1.46
-112.4	,	1.45
-112.3	,	1.46
-112.2	,	1.46
-112.1	,	1.46
-112	,	1.46
-111.9	,	1.46
-111.8	,	1.47
-111.7	,	1.47
-111.6	,	1.46
-111.5	,	1.46
-111.4	,	1.46
-111.3	,	1.47
-111.2	,	1.47
-111.1	,	1.48
-111	,	1.48
-110.9	,	1.48
-110.8	,	1.49
-110.7	,	1.48
-110.6	,	1.48
-110.5	,	1.48
-110.4	,	1.49
-110.3	,	1.49
-110.2	,	1.50
-110.1	,	1.50
-110	,	1.49
-109.9	,	1.50
-109.8	,	1.50
-109.7	,	1.50
-109.6	,	1.51
-109.5	,	1.51
-109.4	,	1.51
-109.3	,	1.51
-109.2	,	1.51
-109.1	,	1.51
-109	,	1.52
-108.9	,	1.51
-108.8	,	1.52
-108.7	,	1.52
-108.6	,	1.52
-108.5	,	1.52
-108.4	,	1.53
-108.3	,	1.52
-108.2	,	1.52
-108.1	,	1.53
-108	,	1.53
-107.9	,	1.53
-107.8	,	1.54
-107.7	,	1.54
-107.6	,	1.54
-107.5	,	1.54
-107.4	,	1.54
-107.3	,	1.54
-107.2	,	1.55
-107.1	,	1.56
-107	,	1.55
-106.9	,	1.55
-106.8	,	1.56
-106.7	,	1.56
-106.6	,	1.56
-106.5	,	1.56
-106.4	,	1.57
-106.3	,	1.57
-106.2	,	1.57
-106.1	,	1.57
-106	,	1.58
-105.9	,	1.57
-105.8	,	1.58
-105.7	,	1.58
-105.6	,	1.58
-105.5	,	1.58
-105.4	,	1.59
-105.3	,	1.59
-105.2	,	1.59
-105.1	,	1.59
-105	,	1.60
-104.9	,	1.60
-104.8	,	1.60
-104.7	,	1.60
-104.6	,	1.59
-104.5	,	1.61
-104.4	,	1.61
-104.3	,	1.60
-104.2	,	1.61
-104.1	,	1.61
-104	,	1.62
-103.9	,	1.62
-103.8	,	1.62
-103.7	,	1.63
-103.6	,	1.62
-103.5	,	1.62
-103.4	,	1.64
-103.3	,	1.63
-103.2	,	1.64
-103.1	,	1.64
-103	,	1.64
-102.9	,	1.64
-102.8	,	1.64
-102.7	,	1.64
-102.6	,	1.66
-102.5	,	1.65
-102.4	,	1.66
-102.3	,	1.66
-102.2	,	1.65
-102.1	,	1.66
-102	,	1.66
-101.9	,	1.66
-101.8	,	1.67
-101.7	,	1.68
-101.6	,	1.67
-101.5	,	1.68
-101.4	,	1.68
-101.3	,	1.68
-101.2	,	1.69
-101.1	,	1.68
-101	,	1.69
-100.9	,	1.69
-100.8	,	1.69
-100.7	,	1.69
-100.6	,	1.69
-100.5	,	1.69
-100.4	,	1.70
-100.3	,	1.70
-100.2	,	1.70
-100.1	,	1.71
-100	,	1.71
-99.9	,	1.71
-99.8	,	1.72
-99.7	,	1.72
-99.6	,	1.72
-99.5	,	1.73
-99.4	,	1.72
-99.3	,	1.73
-99.2	,	1.73
-99.1	,	1.74
-99	,	1.74
-98.9	,	1.74
-98.8	,	1.74
-98.7	,	1.76
-98.6	,	1.76
-98.5	,	1.76
-98.4	,	1.76
-98.3	,	1.76
-98.2	,	1.76
-98.1	,	1.76
-98	,	1.77
-97.9	,	1.77
-97.8	,	1.77
-97.7	,	1.78
-97.6	,	1.78
-97.5	,	1.78
-97.4	,	1.79
-97.3	,	1.78
-97.2	,	1.78
-97.1	,	1.79
-97	,	1.79
-96.9	,	1.80
-96.8	,	1.80
-96.7	,	1.80
-96.6	,	1.81
-96.5	,	1.81
-96.4	,	1.81
-96.3	,	1.81
-96.2	,	1.81
-96.1	,	1.81
-96	,	1.83
-95.9	,	1.82
-95.8	,	1.83
-95.7	,	1.84
-95.6	,	1.84
-95.5	,	1.83
-95.4	,	1.84
-95.3	,	1.84
-95.2	,	1.84
-95.1	,	1.85
-95	,	1.85
-94.9	,	1.84
-94.8	,	1.86
-94.7	,	1.87
-94.6	,	1.87
-94.5	,	1.87
-94.4	,	1.86
-94.3	,	1.86
-94.2	,	1.88
-94.1	,	1.88
-94	,	1.89
-93.9	,	1.88
-93.8	,	1.88
-93.7	,	1.90
-93.6	,	1.90
-93.5	,	1.89
-93.4	,	1.90
-93.3	,	1.91
-93.2	,	1.91
-93.1	,	1.91
-93	,	1.91
-92.9	,	1.91
-92.8	,	1.92
-92.7	,	1.93
-92.6	,	1.92
-92.5	,	1.94
-92.4	,	1.94
-92.3	,	1.93
-92.2	,	1.94
-92.1	,	1.94
-92	,	1.95
-91.9	,	1.95
-91.8	,	1.95
-91.7	,	1.95
-91.6	,	1.97
-91.5	,	1.96
-91.4	,	1.97
-91.3	,	1.97
-91.2	,	1.97
-91.1	,	1.99
-91	,	1.99
-90.9	,	1.99
-90.8	,	1.99
-90.7	,	1.99
-90.6	,	2.00
-90.5	,	2.00
-90.4	,	2.00
-90.3	,	2.01
-90.2	,	2.01
-90.1	,	2.01
-90	,	2.01
-89.9	,	2.02
-89.8	,	2.03
-89.7	,	2.02
-89.6	,	2.03
-89.5	,	2.04
-89.4	,	2.04
-89.3	,	2.04
-89.2	,	2.05
-89.1	,	2.05
-89	,	2.05
-88.9	,	2.06
-88.8	,	2.06
-88.7	,	2.06
-88.6	,	2.07
-88.5	,	2.08
-88.4	,	2.09
-88.3	,	2.10
-88.2	,	2.09
-88.1	,	2.09
-88	,	2.11
-87.9	,	2.10
-87.8	,	2.10
-87.7	,	2.11
-87.6	,	2.11
-87.5	,	2.11
-87.4	,	2.12
-87.3	,	2.13
-87.2	,	2.13
-87.1	,	2.13
-87	,	2.13
-86.9	,	2.14
-86.8	,	2.14
-86.7	,	2.13
-86.6	,	2.14
-86.5	,	2.15
-86.4	,	2.16
-86.3	,	2.16
-86.2	,	2.17
-86.1	,	2.17
-86	,	2.17
-85.9	,	2.18
-85.8	,	2.19
-85.7	,	2.19
-85.6	,	2.19
-85.5	,	2.19
-85.4	,	2.20
-85.3	,	2.21
-85.2	,	2.21
-85.1	,	2.22
-85	,	2.22
-84.9	,	2.22
-84.8	,	2.23
-84.7	,	2.23
-84.6	,	2.23
-84.5	,	2.24
-84.4	,	2.24
-84.3	,	2.26
-84.2	,	2.26
-84.1	,	2.27
-84	,	2.27
-83.9	,	2.27
-83.8	,	2.28
-83.7	,	2.29
-83.6	,	2.28
-83.5	,	2.29
-83.4	,	2.29
-83.3	,	2.30
-83.2	,	2.30
-83.1	,	2.31
-83	,	2.31
-82.9	,	2.31
-82.8	,	2.32
-82.7	,	2.33
-82.6	,	2.32
-82.5	,	2.34
-82.4	,	2.35
-82.3	,	2.35
-82.2	,	2.35
-82.1	,	2.35
-82	,	2.35
-81.9	,	2.36
-81.8	,	2.37
-81.7	,	2.37
-81.6	,	2.38
-81.5	,	2.38
-81.4	,	2.39
-81.3	,	2.39
-81.2	,	2.39
-81.1	,	2.40
-81	,	2.41
-80.9	,	2.41
-80.8	,	2.42
-80.7	,	2.42
-80.6	,	2.43
-80.5	,	2.43
-80.4	,	2.44
-80.3	,	2.44
-80.2	,	2.44
-80.1	,	2.46
-80	,	2.46
-79.9	,	2.47
-79.8	,	2.48
-79.7	,	2.48
-79.6	,	2.48
-79.5	,	2.50
-79.4	,	2.49
-79.3	,	2.49
-79.2	,	2.51
-79.1	,	2.51
-79	,	2.51
-78.9	,	2.52
-78.8	,	2.54
-78.7	,	2.53
-78.6	,	2.54
-78.5	,	2.55
-78.4	,	2.55
-78.3	,	2.55
-78.2	,	2.57
-78.1	,	2.58
-78	,	2.57
-77.9	,	2.58
-77.8	,	2.58
-77.7	,	2.59
-77.6	,	2.60
-77.5	,	2.60
-77.4	,	2.60
-77.3	,	2.62
-77.2	,	2.61
-77.1	,	2.62
-77	,	2.62
-76.9	,	2.63
-76.8	,	2.63
-76.7	,	2.66
-76.6	,	2.65
-76.5	,	2.66
-76.4	,	2.66
-76.3	,	2.67
-76.2	,	2.69
-76.1	,	2.69
-76	,	2.69
-75.9	,	2.70
-75.8	,	2.70
-75.7	,	2.71
-75.6	,	2.72
-75.5	,	2.72
-75.4	,	2.73
-75.3	,	2.74
-75.2	,	2.74
-75.1	,	2.75
-75	,	2.76
-74.9	,	2.77
-74.8	,	2.77
-74.7	,	2.78
-74.6	,	2.79
-74.5	,	2.79
-74.4	,	2.80
-74.3	,	2.80
-74.2	,	2.82
-74.1	,	2.82
-74	,	2.82
-73.9	,	2.83
-73.8	,	2.83
-73.7	,	2.84
-73.6	,	2.85
-73.5	,	2.86
-73.4	,	2.87
-73.3	,	2.88
-73.2	,	2.89
-73.1	,	2.89
-73	,	2.90
-72.9	,	2.90
-72.8	,	2.90
-72.7	,	2.91
-72.6	,	2.92
-72.5	,	2.93
-72.4	,	2.95
-72.3	,	2.95
-72.2	,	2.95
-72.1	,	2.96
-72	,	2.97
-71.9	,	2.97
-71.8	,	2.98
-71.7	,	2.99
-71.6	,	3.00
-71.5	,	3.00
-71.4	,	3.01
-71.3	,	3.02
-71.2	,	3.03
-71.1	,	3.03
-71	,	3.04
-70.9	,	3.04
-70.8	,	3.05
-70.7	,	3.06
-70.6	,	3.07
-70.5	,	3.08
-70.4	,	3.09
-70.3	,	3.09
-70.2	,	3.10
-70.1	,	3.11
-70	,	3.12
-69.9	,	3.12
-69.8	,	3.13
-69.7	,	3.15
-69.6	,	3.14
-69.5	,	3.15
-69.4	,	3.17
-69.3	,	3.17
-69.2	,	3.19
-69.1	,	3.19
-69	,	3.20
-68.9	,	3.21
-68.8	,	3.22
-68.7	,	3.23
-68.6	,	3.24
-68.5	,	3.24
-68.4	,	3.25
-68.3	,	3.26
-68.2	,	3.27
-68.1	,	3.28
-68	,	3.29
-67.9	,	3.30
-67.8	,	3.31
-67.7	,	3.31
-67.6	,	3.32
-67.5	,	3.33
-67.4	,	3.34
-67.3	,	3.35
-67.2	,	3.36
-67.1	,	3.37
-67	,	3.38
-66.9	,	3.39
-66.8	,	3.40
-66.7	,	3.40
-66.6	,	3.41
-66.5	,	3.42
-66.4	,	3.44
-66.3	,	3.44
-66.2	,	3.46
-66.1	,	3.47
-66	,	3.46
-65.9	,	3.48
-65.8	,	3.49
-65.7	,	3.50
-65.6	,	3.51
-65.5	,	3.53
-65.4	,	3.53
-65.3	,	3.53
-65.2	,	3.54
-65.1	,	3.55
-65	,	3.57
-64.9	,	3.58
-64.8	,	3.59
-64.7	,	3.60
-64.6	,	3.62
-64.5	,	3.62
-64.4	,	3.63
-64.3	,	3.64
-64.2	,	3.65
-64.1	,	3.66
-64	,	3.67
-63.9	,	3.68
-63.8	,	3.70
-63.7	,	3.70
-63.6	,	3.72
-63.5	,	3.73
-63.4	,	3.74
-63.3	,	3.75
-63.2	,	3.76
-63.1	,	3.77
-63	,	3.78
-62.9	,	3.79
-62.8	,	3.80
-62.7	,	3.81
-62.6	,	3.82
-62.5	,	3.85
-62.4	,	3.85
-62.3	,	3.87
-62.2	,	3.86
-62.1	,	3.89
-62	,	3.90
-61.9	,	3.90
-61.8	,	3.91
-61.7	,	3.93
-61.6	,	3.94
-61.5	,	3.95
-61.4	,	3.97
-61.3	,	3.97
-61.2	,	3.98
-61.1	,	4.00
-61	,	4.01
-60.9	,	4.02
-60.8	,	4.04
-60.7	,	4.04
-60.6	,	4.06
-60.5	,	4.07
-60.4	,	4.08
-60.3	,	4.10
-60.2	,	4.11
-60.1	,	4.12
-60	,	4.13
-59.9	,	4.14
-59.8	,	4.16
-59.7	,	4.17
-59.6	,	4.18
-59.5	,	4.19
-59.4	,	4.21
-59.3	,	4.22
-59.2	,	4.23
-59.1	,	4.25
-59	,	4.26
-58.9	,	4.28
-58.8	,	4.30
-58.7	,	4.31
-58.6	,	4.33
-58.5	,	4.33
-58.4	,	4.34
-58.3	,	4.36
-58.2	,	4.38
-58.1	,	4.38
-58	,	4.41
-57.9	,	4.41
-57.8	,	4.43
-57.7	,	4.45
-57.6	,	4.45
-57.5	,	4.48
-57.4	,	4.48
-57.3	,	4.50
-57.2	,	4.51
-57.1	,	4.53
-57	,	4.54
-56.9	,	4.56
-56.8	,	4.57
-56.7	,	4.58
-56.6	,	4.60
-56.5	,	4.63
-56.4	,	4.64
-56.3	,	4.65
-56.2	,	4.67
-56.1	,	4.68
-56	,	4.69
-55.9	,	4.71
-55.8	,	4.72
-55.7	,	4.75
-55.6	,	4.77
-55.5	,	4.77
-55.4	,	4.79
-55.3	,	4.80
-55.2	,	4.83
-55.1	,	4.84
-55	,	4.85
-54.9	,	4.88
-54.8	,	4.89
-54.7	,	4.90
-54.6	,	4.92
-54.5	,	4.93
-54.4	,	4.95
-54.3	,	4.98
-54.2	,	4.99
-54.1	,	5.00
-54	,	5.02
-53.9	,	5.03
-53.8	,	5.05
-53.7	,	5.06
-53.6	,	5.09
-53.5	,	5.10
-53.4	,	5.13
-53.3	,	5.14
-53.2	,	5.16
-53.1	,	5.18
-53	,	5.19
-52.9	,	5.21
-52.8	,	5.23
-52.7	,	5.25
-52.6	,	5.27
-52.5	,	5.28
-52.4	,	5.30
-52.3	,	5.32
-52.2	,	5.34
-52.1	,	5.36
-52	,	5.38
-51.9	,	5.40
-51.8	,	5.42
-51.7	,	5.44
-51.6	,	5.46
-51.5	,	5.48
-51.4	,	5.49
-51.3	,	5.52
-51.2	,	5.54
-51.1	,	5.56
-51	,	5.57
-50.9	,	5.59
-50.8	,	5.61
-50.7	,	5.63
-50.6	,	5.64
-50.5	,	5.68
-50.4	,	5.69
-50.3	,	5.72
-50.2	,	5.73
-50.1	,	5.76
-50	,	5.78
-49.9	,	5.81
-49.8	,	5.82
-49.7	,	5.84
-49.6	,	5.86
-49.5	,	5.89
-49.4	,	5.90
-49.3	,	5.93
-49.2	,	5.94
-49.1	,	5.98
-49	,	6.00
-48.9	,	6.02
-48.8	,	6.04
-48.7	,	6.05
-48.6	,	6.09
-48.5	,	6.11
-48.4	,	6.13
-48.3	,	6.16
-48.2	,	6.18
-48.1	,	6.20
-48	,	6.22
-47.9	,	6.25
-47.8	,	6.26
-47.7	,	6.30
-47.6	,	6.32
-47.5	,	6.34
-47.4	,	6.38
-47.3	,	6.39
-47.2	,	6.41
-47.1	,	6.43
-47	,	6.45
-46.9	,	6.48
-46.8	,	6.52
-46.7	,	6.53
-46.6	,	6.56
-46.5	,	6.58
-46.4	,	6.61
-46.3	,	6.65
-46.2	,	6.67
-46.1	,	6.70
-46	,	6.73
-45.9	,	6.74
-45.8	,	6.77
-45.7	,	6.80
-45.6	,	6.82
-45.5	,	6.84
-45.4	,	6.87
-45.3	,	6.89
-45.2	,	6.93
-45.1	,	6.97
-45	,	6.99
-44.9	,	7.01
-44.8	,	7.05
-44.7	,	7.08
-44.6	,	7.11
-44.5	,	7.13
-44.4	,	7.15
-44.3	,	7.18
-44.2	,	7.20
-44.1	,	7.24
-44	,	7.27
-43.9	,	7.30
-43.8	,	7.32
-43.7	,	7.36
-43.6	,	7.39
-43.5	,	7.41
-43.4	,	7.44
-43.3	,	7.47
-43.2	,	7.50
-43.1	,	7.53
-43	,	7.56
-42.9	,	7.59
-42.8	,	7.63
-42.7	,	7.65
-42.6	,	7.68
-42.5	,	7.71
-42.4	,	7.75
-42.3	,	7.78
-42.2	,	7.80
-42.1	,	7.84
-42	,	7.88
-41.9	,	7.90
-41.8	,	7.94
-41.7	,	7.97
-41.6	,	8.00
-41.5	,	8.05
-41.4	,	8.07
-41.3	,	8.11
-41.2	,	8.14
-41.1	,	8.18
-41	,	8.20
-40.9	,	8.24
-40.8	,	8.28
-40.7	,	8.31
-40.6	,	8.35
-40.5	,	8.39
-40.4	,	8.42
-40.3	,	8.46
-40.2	,	8.48
-40.1	,	8.53
-40	,	8.57
-39.9	,	8.60
-39.8	,	8.63
-39.7	,	8.66
-39.6	,	8.71
-39.5	,	8.75
-39.4	,	8.78
-39.3	,	8.82
-39.2	,	8.86
-39.1	,	8.90
-39	,	8.93
-38.9	,	8.97
-38.8	,	9.00
-38.7	,	9.05
-38.6	,	9.09
-38.5	,	9.12
-38.4	,	9.16
-38.3	,	9.21
-38.2	,	9.24
-38.1	,	9.28
-38	,	9.32
-37.9	,	9.37
-37.8	,	9.42
-37.7	,	9.44
-37.6	,	9.50
-37.5	,	9.53
-37.4	,	9.57
-37.3	,	9.61
-37.2	,	9.65
-37.1	,	9.69
-37	,	9.74
-36.9	,	9.78
-36.8	,	9.83
-36.7	,	9.87
-36.6	,	9.91
-36.5	,	9.96
-36.4	,	10.00
-36.3	,	10.04
-36.2	,	10.09
-36.1	,	10.14
-36	,	10.18
-35.9	,	10.22
-35.8	,	10.27
-35.7	,	10.31
-35.6	,	10.37
-35.5	,	10.41
-35.4	,	10.47
-35.3	,	10.50
-35.2	,	10.55
-35.1	,	10.60
-35	,	10.64
-34.9	,	10.69
-34.8	,	10.74
-34.7	,	10.79
-34.6	,	10.84
-34.5	,	10.89
-34.4	,	10.94
-34.3	,	10.98
-34.2	,	11.04
-34.1	,	11.09
-34	,	11.14
-33.9	,	11.19
-33.8	,	11.24
-33.7	,	11.29
-33.6	,	11.34
-33.5	,	11.39
-33.4	,	11.44
-33.3	,	11.50
-33.2	,	11.55
-33.1	,	11.60
-33	,	11.66
-32.9	,	11.71
-32.8	,	11.77
-32.7	,	11.81
-32.6	,	11.87
-32.5	,	11.93
-32.4	,	11.97
-32.3	,	12.03
-32.2	,	12.09
-32.1	,	12.15
-32	,	12.19
-31.9	,	12.26
-31.8	,	12.31
-31.7	,	12.38
-31.6	,	12.43
-31.5	,	12.49
-31.4	,	12.54
-31.3	,	12.61
-31.2	,	12.66
-31.1	,	12.72
-31	,	12.78
-30.9	,	12.84
-30.8	,	12.91
-30.7	,	12.96
-30.6	,	13.02
-30.5	,	13.08
-30.4	,	13.15
-30.3	,	13.20
-30.2	,	13.26
-30.1	,	13.32
-30	,	13.38
-29.9	,	13.46
-29.8	,	13.52
-29.7	,	13.58
-29.6	,	13.65
-29.5	,	13.71
-29.4	,	13.77
-29.3	,	13.84
-29.2	,	13.91
-29.1	,	13.97
-29	,	14.04
-28.9	,	14.10
-28.8	,	14.16
-28.7	,	14.24
-28.6	,	14.30
-28.5	,	14.37
-28.4	,	14.43
-28.3	,	14.50
-28.2	,	14.58
-28.1	,	14.65
-28	,	14.72
-27.9	,	14.78
-27.8	,	14.85
-27.7	,	14.92
-27.6	,	14.99
-27.5	,	15.07
-27.4	,	15.14
-27.3	,	15.21
-27.2	,	15.28
-27.1	,	15.35
-27	,	15.42
-26.9	,	15.50
-26.8	,	15.57
-26.7	,	15.65
-26.6	,	15.73
-26.5	,	15.80
-26.4	,	15.88
-26.3	,	15.95
-26.2	,	16.02
-26.1	,	16.11
-26	,	16.18
-25.9	,	16.26
-25.8	,	16.34
-25.7	,	16.41
-25.6	,	16.50
-25.5	,	16.57
-25.4	,	16.65
-25.3	,	16.73
-25.2	,	16.80
-25.1	,	16.89
-25	,	16.97
-24.9	,	17.04
-24.8	,	17.13
-24.7	,	17.22
-24.6	,	17.30
-24.5	,	17.37
-24.4	,	17.45
-24.3	,	17.54
-24.2	,	17.62
-24.1	,	17.71
-24	,	17.79
-23.9	,	17.88
-23.8	,	17.97
-23.7	,	18.05
-23.6	,	18.14
-23.5	,	18.21
-23.4	,	18.30
-23.3	,	18.39
-23.2	,	18.48
-23.1	,	18.57
-23	,	18.65
-22.9	,	18.74
-22.8	,	18.83
-22.7	,	18.92
-22.6	,	19.01
-22.5	,	19.09
-22.4	,	19.20
-22.3	,	19.29
-22.2	,	19.36
-22.1	,	19.45
-22	,	19.57
-21.9	,	19.65
-21.8	,	19.73
-21.7	,	19.84
-21.6	,	19.92
-21.5	,	20.01
-21.4	,	20.11
-21.3	,	20.19
-21.2	,	20.30
-21.1	,	20.39
-21	,	20.49
-20.9	,	20.58
-20.8	,	20.67
-20.7	,	20.78
-20.6	,	20.87
-20.5	,	20.97
-20.4	,	21.06
-20.3	,	21.17
-20.2	,	21.26
-20.1	,	21.36
-20	,	21.45
-19.9	,	21.55
-19.8	,	21.67
-19.7	,	21.75
-19.6	,	21.85
-19.5	,	21.95
-19.4	,	22.06
-19.3	,	22.16
-19.2	,	22.26
-19.1	,	22.35
-19	,	22.46
-18.9	,	22.57
-18.8	,	22.67
-18.7	,	22.78
-18.6	,	22.87
-18.5	,	22.97
-18.4	,	23.08
-18.3	,	23.19
-18.2	,	23.28
-18.1	,	23.38
-18	,	23.49
-17.9	,	23.59
-17.8	,	23.70
-17.7	,	23.80
-17.6	,	23.91
-17.5	,	24.02
-17.4	,	24.11
-17.3	,	24.22
-17.2	,	24.34
-17.1	,	24.44
-17	,	24.55
-16.9	,	24.65
-16.8	,	24.76
-16.7	,	24.87
-16.6	,	24.98
-16.5	,	25.09
-16.4	,	25.19
-16.3	,	25.30
-16.2	,	25.41
-16.1	,	25.51
-16	,	25.63
-15.9	,	25.73
-15.8	,	25.84
-15.7	,	25.95
-15.6	,	26.06
-15.5	,	26.16
-15.4	,	26.28
-15.3	,	26.38
-15.2	,	26.50
-15.1	,	26.61
-15	,	26.72
-14.9	,	26.83
-14.8	,	26.94
-14.7	,	27.06
-14.6	,	27.17
-14.5	,	27.28
-14.4	,	27.38
-14.3	,	27.50
-14.2	,	27.60
-14.1	,	27.71
-14	,	27.83
-13.9	,	27.94
-13.8	,	28.04
-13.7	,	28.16
-13.6	,	28.27
-13.5	,	28.38
-13.4	,	28.49
-13.3	,	28.60
-13.2	,	28.70
-13.1	,	28.82
-13	,	28.95
-12.9	,	29.04
-12.8	,	29.16
-12.7	,	29.27
-12.6	,	29.38
-12.5	,	29.50
-12.4	,	29.60
-12.3	,	29.72
-12.2	,	29.84
-12.1	,	29.93
-12	,	30.05
-11.9	,	30.15
-11.8	,	30.28
-11.7	,	30.39
-11.6	,	30.50
-11.5	,	30.61
-11.4	,	30.72
-11.3	,	30.83
-11.2	,	30.95
-11.1	,	31.05
-11	,	31.16
-10.9	,	31.28
-10.8	,	31.38
-10.7	,	31.49
-10.6	,	31.60
-10.5	,	31.71
-10.4	,	31.83
-10.3	,	31.92
-10.2	,	32.04
-10.1	,	32.14
-10	,	32.26
-9.9	,	32.36
-9.8	,	32.47
-9.7	,	32.58
-9.6	,	32.68
-9.5	,	32.79
-9.4	,	32.90
-9.3	,	33.00
-9.2	,	33.11
-9.1	,	33.21
-9	,	33.32
-8.9	,	33.42
-8.8	,	33.54
-8.7	,	33.65
-8.6	,	33.74
-8.5	,	33.84
-8.4	,	33.95
-8.3	,	34.06
-8.2	,	34.16
-8.1	,	34.26
-8	,	34.37
-7.9	,	34.47
-7.8	,	34.57
-7.7	,	34.66
-7.6	,	34.76
-7.5	,	34.86
-7.4	,	34.97
-7.3	,	35.07
-7.2	,	35.17
-7.1	,	35.27
-7	,	35.36
-6.9	,	35.47
-6.8	,	35.56
-6.7	,	35.66
-6.6	,	35.76
-6.5	,	35.86
-6.4	,	35.97
-6.3	,	36.04
-6.2	,	36.14
-6.1	,	36.23
-6	,	36.34
-5.9	,	36.42
-5.8	,	36.51
-5.7	,	36.61
-5.6	,	36.70
-5.5	,	36.80
-5.4	,	36.89
-5.3	,	36.98
-5.2	,	37.07
-5.1	,	37.16
-5	,	37.25
-4.9	,	37.34
-4.8	,	37.42
-4.7	,	37.50
-4.6	,	37.59
-4.5	,	37.69
-4.4	,	37.78
-4.3	,	37.85
-4.2	,	37.94
-4.1	,	38.03
-4	,	38.10
-3.9	,	38.19
-3.8	,	38.27
-3.7	,	38.35
-3.6	,	38.44
-3.5	,	38.52
-3.4	,	38.59
-3.3	,	38.67
-3.2	,	38.75
-3.1	,	38.82
-3	,	38.90
-2.9	,	38.98
-2.8	,	39.06
-2.7	,	39.13
-2.6	,	39.22
-2.5	,	39.28
-2.4	,	39.36
-2.3	,	39.43
-2.2	,	39.50
-2.1	,	39.58
-2	,	39.65
-1.9	,	39.72
-1.8	,	39.79
-1.7	,	39.86
-1.6	,	39.92
-1.5	,	40.00
-1.4	,	40.07
-1.3	,	40.14
-1.2	,	40.20
-1.1	,	40.26
-1	,	40.34
-0.9	,	40.40
-0.8	,	40.47
-0.7	,	40.53
-0.6	,	40.59
-0.5	,	40.66
-0.4	,	40.72
-0.3	,	40.79
-0.2	,	40.84
-0.1	,	40.91
0	,	40.97
0.1	,	41.03
0.2	,	41.09
0.3	,	41.16
0.4	,	41.21
0.5	,	41.27
0.6	,	41.33
0.7	,	41.39
0.8	,	41.45
0.9	,	41.50
1	,	41.55
1.1	,	41.60
1.2	,	41.66
1.3	,	41.72
1.4	,	41.76
1.5	,	41.82
1.6	,	41.87
1.7	,	41.93
1.8	,	41.98
1.9	,	42.04
2	,	42.08
2.1	,	42.13
2.2	,	42.17
2.3	,	42.22
2.4	,	42.27
2.5	,	42.32
2.6	,	42.36
2.7	,	42.41
2.8	,	42.46
2.9	,	42.51
3	,	42.55
3.1	,	42.59
3.2	,	42.64
3.3	,	42.68
3.4	,	42.73
3.5	,	42.77
3.6	,	42.82
3.7	,	42.87
3.8	,	42.90
3.9	,	42.95
4	,	42.98
4.1	,	43.03
4.2	,	43.07
4.3	,	43.11
4.4	,	43.15
4.5	,	43.19
4.6	,	43.23
4.7	,	43.26
4.8	,	43.31
4.9	,	43.34
5	,	43.38
5.1	,	43.41
5.2	,	43.46
5.3	,	43.49
5.4	,	43.52
5.5	,	43.57
5.6	,	43.61
5.7	,	43.63
5.8	,	43.67
5.9	,	43.71
6	,	43.75
6.1	,	43.77
6.2	,	43.81
6.3	,	43.84
6.4	,	43.87
6.5	,	43.91
6.6	,	43.95
6.7	,	43.98
6.8	,	44.01
6.9	,	44.04
7	,	44.06
7.1	,	44.09
7.2	,	44.13
7.3	,	44.16
7.4	,	44.19
7.5	,	44.22
7.6	,	44.25
7.7	,	44.27
7.8	,	44.30
7.9	,	44.34
8	,	44.37
8.1	,	44.39
8.2	,	44.41
8.3	,	44.44
8.4	,	44.47
8.5	,	44.49
8.6	,	44.51
8.7	,	44.54
8.8	,	44.57
8.9	,	44.58
9	,	44.61
9.1	,	44.62
9.2	,	44.65
9.3	,	44.67
9.4	,	44.69
9.5	,	44.71
9.6	,	44.73
9.7	,	44.75
9.8	,	44.77
9.9	,	44.78
10	,	44.80
10.1	,	44.81
10.2	,	44.83
10.3	,	44.85
10.4	,	44.86
10.5	,	44.87
10.6	,	44.89
10.7	,	44.89
10.8	,	44.90
10.9	,	44.91
11	,	44.92
11.1	,	44.93
11.2	,	44.93
11.3	,	44.94
11.4	,	44.95
11.5	,	44.96
11.6	,	44.95
11.7	,	44.96
11.8	,	44.95
11.9	,	44.96
12	,	44.96
12.1	,	44.95
12.2	,	44.95
12.3	,	44.96
12.4	,	44.94
12.5	,	44.94
12.6	,	44.93
12.7	,	44.92
12.8	,	44.90
12.9	,	44.90
13	,	44.89
13.1	,	44.88
13.2	,	44.86
13.3	,	44.85
13.4	,	44.83
13.5	,	44.81
13.6	,	44.80
13.7	,	44.77
13.8	,	44.75
13.9	,	44.73
14	,	44.72
14.1	,	44.69
14.2	,	44.66
14.3	,	44.64
14.4	,	44.61
14.5	,	44.58
14.6	,	44.56
14.7	,	44.51
14.8	,	44.49
14.9	,	44.46
15	,	44.42
15.1	,	44.39
15.2	,	44.35
15.3	,	44.31
15.4	,	44.28
15.5	,	44.23
15.6	,	44.18
15.7	,	44.15
15.8	,	44.10
15.9	,	44.06
16	,	44.01
16.1	,	43.96
16.2	,	43.93
16.3	,	43.86
16.4	,	43.82
16.5	,	43.77
16.6	,	43.71
16.7	,	43.66
16.8	,	43.60
16.9	,	43.54
17	,	43.49
17.1	,	43.43
17.2	,	43.37
17.3	,	43.31
17.4	,	43.24
17.5	,	43.18
17.6	,	43.12
17.7	,	43.06
17.8	,	42.99
17.9	,	42.93
18	,	42.86
18.1	,	42.79
18.2	,	42.72
18.3	,	42.66
18.4	,	42.58
18.5	,	42.51
18.6	,	42.43
18.7	,	42.36
18.8	,	42.29
18.9	,	42.22
19	,	42.14
19.1	,	42.06
19.2	,	41.97
19.3	,	41.90
19.4	,	41.83
19.5	,	41.73
19.6	,	41.66
19.7	,	41.57
19.8	,	41.49
19.9	,	41.41
20	,	41.32
20.1	,	41.24
20.2	,	41.16
20.3	,	41.07
20.4	,	40.98
20.5	,	40.89
20.6	,	40.79
20.7	,	40.71
20.8	,	40.62
20.9	,	40.53
21	,	40.44
21.1	,	40.35
21.2	,	40.26
21.3	,	40.17
21.4	,	40.07
21.5	,	39.98
21.6	,	39.88
21.7	,	39.78
21.8	,	39.69
21.9	,	39.60
22	,	39.50
22.1	,	39.39
22.2	,	39.30
22.3	,	39.20
22.4	,	39.11
22.5	,	39.01
22.6	,	38.91
22.7	,	38.81
22.8	,	38.71
22.9	,	38.61
23	,	38.51
23.1	,	38.40
23.2	,	38.31
23.3	,	38.20
23.4	,	38.10
23.5	,	37.99
23.6	,	37.89
23.7	,	37.79
23.8	,	37.68
23.9	,	37.58
24	,	37.48
24.1	,	37.38
24.2	,	37.27
24.3	,	37.16
24.4	,	37.05
24.5	,	36.95
24.6	,	36.84
24.7	,	36.74
24.8	,	36.63
24.9	,	36.52
25	,	36.42
25.1	,	36.31
25.2	,	36.20
25.3	,	36.10
25.4	,	35.98
25.5	,	35.88
25.6	,	35.77
25.7	,	35.66
25.8	,	35.56
25.9	,	35.45
26	,	35.34
26.1	,	35.23
26.2	,	35.12
26.3	,	35.01
26.4	,	34.91
26.5	,	34.81
26.6	,	34.68
26.7	,	34.58
26.8	,	34.47
26.9	,	34.36
27	,	34.24
27.1	,	34.15
27.2	,	34.03
27.3	,	33.93
27.4	,	33.82
27.5	,	33.71
27.6	,	33.60
27.7	,	33.49
27.8	,	33.38
27.9	,	33.27
28	,	33.16
28.1	,	33.05
28.2	,	32.94
28.3	,	32.83
28.4	,	32.73
28.5	,	32.62
28.6	,	32.51
28.7	,	32.41
28.8	,	32.29
28.9	,	32.18
29	,	32.07
29.1	,	31.97
29.2	,	31.85
29.3	,	31.75
29.4	,	31.65
29.5	,	31.54
29.6	,	31.42
29.7	,	31.32
29.8	,	31.22
29.9	,	31.11
30	,	31.00
30.1	,	30.90
30.2	,	30.79
30.3	,	30.68
30.4	,	30.57
30.5	,	30.47
30.6	,	30.36
30.7	,	30.25
30.8	,	30.15
30.9	,	30.04
31	,	29.94
31.1	,	29.84
31.2	,	29.74
31.3	,	29.62
31.4	,	29.52
31.5	,	29.41
31.6	,	29.31
31.7	,	29.21
31.8	,	29.10
31.9	,	29.00
32	,	28.89
32.1	,	28.80
32.2	,	28.69
32.3	,	28.59
32.4	,	28.48
32.5	,	28.37
32.6	,	28.28
32.7	,	28.17
32.8	,	28.07
32.9	,	27.97
33	,	27.87
33.1	,	27.77
33.2	,	27.67
33.3	,	27.57
33.4	,	27.48
33.5	,	27.37
33.6	,	27.27
33.7	,	27.17
33.8	,	27.07
33.9	,	26.97
34	,	26.87
34.1	,	26.78
34.2	,	26.68
34.3	,	26.58
34.4	,	26.49
34.5	,	26.39
34.6	,	26.30
34.7	,	26.19
34.8	,	26.10
34.9	,	25.99
35	,	25.90
35.1	,	25.81
35.2	,	25.71
35.3	,	25.62
35.4	,	25.51
35.5	,	25.43
35.6	,	25.34
35.7	,	25.24
35.8	,	25.15
35.9	,	25.06
36	,	24.96
36.1	,	24.86
36.2	,	24.78
36.3	,	24.68
36.4	,	24.59
36.5	,	24.50
36.6	,	24.41
36.7	,	24.32
36.8	,	24.23
36.9	,	24.14
37	,	24.05
37.1	,	23.96
37.2	,	23.87
37.3	,	23.78
37.4	,	23.69
37.5	,	23.60
37.6	,	23.51
37.7	,	23.43
37.8	,	23.34
37.9	,	23.25
38	,	23.17
38.1	,	23.07
38.2	,	23.00
38.3	,	22.91
38.4	,	22.82
38.5	,	22.74
38.6	,	22.65
38.7	,	22.57
38.8	,	22.48
38.9	,	22.40
39	,	22.32
39.1	,	22.24
39.2	,	22.15
39.3	,	22.07
39.4	,	21.99
39.5	,	21.91
39.6	,	21.82
39.7	,	21.74
39.8	,	21.66
39.9	,	21.58
40	,	21.50
40.1	,	21.41
40.2	,	21.34
40.3	,	21.26
40.4	,	21.18
40.5	,	21.10
40.6	,	21.02
40.7	,	20.95
40.8	,	20.87
40.9	,	20.79
41	,	20.71
41.1	,	20.65
41.2	,	20.55
41.3	,	20.48
41.4	,	20.41
41.5	,	20.34
41.6	,	20.26
41.7	,	20.19
41.8	,	20.11
41.9	,	20.04
42	,	19.95
42.1	,	19.88
42.2	,	19.81
42.3	,	19.74
42.4	,	19.66
42.5	,	19.59
42.6	,	19.52
42.7	,	19.45
42.8	,	19.38
42.9	,	19.31
43	,	19.23
43.1	,	19.16
43.2	,	19.10
43.3	,	19.02
43.4	,	18.95
43.5	,	18.88
43.6	,	18.81
43.7	,	18.74
43.8	,	18.67
43.9	,	18.61
44	,	18.54
44.1	,	18.46
44.2	,	18.40
44.3	,	18.33
44.4	,	18.27
44.5	,	18.20
44.6	,	18.13
44.7	,	18.07
44.8	,	18.00
44.9	,	17.93
45	,	17.88
45.1	,	17.80
45.2	,	17.74
45.3	,	17.67
45.4	,	17.61
45.5	,	17.55
45.6	,	17.49
45.7	,	17.42
45.8	,	17.36
45.9	,	17.30
46	,	17.23
46.1	,	17.17
46.2	,	17.11
46.3	,	17.05
46.4	,	16.99
46.5	,	16.94
46.6	,	16.88
46.7	,	16.81
46.8	,	16.75
46.9	,	16.69
47	,	16.63
47.1	,	16.57
47.2	,	16.51
47.3	,	16.45
47.4	,	16.40
47.5	,	16.34
47.6	,	16.28
47.7	,	16.23
47.8	,	16.16
47.9	,	16.10
48	,	16.05
48.1	,	15.99
48.2	,	15.93
48.3	,	15.89
48.4	,	15.82
48.5	,	15.77
48.6	,	15.72
48.7	,	15.66
48.8	,	15.61
48.9	,	15.55
49	,	15.50
49.1	,	15.43
49.2	,	15.38
49.3	,	15.34
49.4	,	15.28
49.5	,	15.22
49.6	,	15.17
49.7	,	15.12
49.8	,	15.07
49.9	,	15.02
50	,	14.97
50.1	,	14.92
50.2	,	14.85
50.3	,	14.81
50.4	,	14.77
50.5	,	14.70
50.6	,	14.66
50.7	,	14.61
50.8	,	14.56
50.9	,	14.51
51	,	14.45
51.1	,	14.40
51.2	,	14.36
51.3	,	14.31
51.4	,	14.25
51.5	,	14.21
51.6	,	14.17
51.7	,	14.11
51.8	,	14.07
51.9	,	14.02
52	,	13.98
52.1	,	13.92
52.2	,	13.89
52.3	,	13.83
52.4	,	13.79
52.5	,	13.74
52.6	,	13.70
52.7	,	13.65
52.8	,	13.60
52.9	,	13.56
53	,	13.50
53.1	,	13.47
53.2	,	13.42
53.3	,	13.38
53.4	,	13.34
53.5	,	13.28
53.6	,	13.24
53.7	,	13.20
53.8	,	13.15
53.9	,	13.11
54	,	13.07
54.1	,	13.03
54.2	,	12.99
54.3	,	12.95
54.4	,	12.90
54.5	,	12.86
54.6	,	12.82
54.7	,	12.77
54.8	,	12.73
54.9	,	12.69
55	,	12.65
55.1	,	12.61
55.2	,	12.58
55.3	,	12.52
55.4	,	12.49
55.5	,	12.45
55.6	,	12.40
55.7	,	12.36
55.8	,	12.33
55.9	,	12.28
56	,	12.24
56.1	,	12.21
56.2	,	12.17
56.3	,	12.14
56.4	,	12.09
56.5	,	12.05
56.6	,	12.01
56.7	,	11.98
56.8	,	11.94
56.9	,	11.90
57	,	11.86
57.1	,	11.82
57.2	,	11.78
57.3	,	11.75
57.4	,	11.72
57.5	,	11.67
57.6	,	11.63
57.7	,	11.60
57.8	,	11.57
57.9	,	11.53
58	,	11.49
58.1	,	11.45
58.2	,	11.42
58.3	,	11.38
58.4	,	11.35
58.5	,	11.31
58.6	,	11.27
58.7	,	11.24
58.8	,	11.20
58.9	,	11.17
59	,	11.14
59.1	,	11.10
59.2	,	11.07
59.3	,	11.04
59.4	,	11.00
59.5	,	10.97
59.6	,	10.94
59.7	,	10.90
59.8	,	10.88
59.9	,	10.84
60	,	10.81
60.1	,	10.77
60.2	,	10.74
60.3	,	10.71
60.4	,	10.67
60.5	,	10.64
60.6	,	10.61
60.7	,	10.57
60.8	,	10.54
60.9	,	10.52
61	,	10.49
61.1	,	10.44
61.2	,	10.42
61.3	,	10.39
61.4	,	10.36
61.5	,	10.32
61.6	,	10.30
61.7	,	10.27
61.8	,	10.24
61.9	,	10.21
62	,	10.17
62.1	,	10.15
62.2	,	10.12
62.3	,	10.08
62.4	,	10.05
62.5	,	10.03
62.6	,	10.00
62.7	,	9.97
62.8	,	9.94
62.9	,	9.91
63	,	9.89
63.1	,	9.85
63.2	,	9.83
63.3	,	9.80
63.4	,	9.78
63.5	,	9.74
63.6	,	9.71
63.7	,	9.68
63.8	,	9.65
63.9	,	9.63
64	,	9.60
64.1	,	9.57
64.2	,	9.55
64.3	,	9.52
64.4	,	9.49
64.5	,	9.46
64.6	,	9.44
64.7	,	9.41
64.8	,	9.38
64.9	,	9.36
65	,	9.33
65.1	,	9.30
65.2	,	9.28
65.3	,	9.25
65.4	,	9.23
65.5	,	9.20
65.6	,	9.17
65.7	,	9.15
65.8	,	9.13
65.9	,	9.10
66	,	9.07
66.1	,	9.05
66.2	,	9.02
66.3	,	9.00
66.4	,	8.98
66.5	,	8.95
66.6	,	8.93
66.7	,	8.90
66.8	,	8.88
66.9	,	8.85
67	,	8.82
67.1	,	8.80
67.2	,	8.77
67.3	,	8.75
67.4	,	8.72
67.5	,	8.70
67.6	,	8.68
67.7	,	8.66
67.8	,	8.64
67.9	,	8.61
68	,	8.59
68.1	,	8.56
68.2	,	8.54
68.3	,	8.51
68.4	,	8.49
68.5	,	8.47
68.6	,	8.45
68.7	,	8.42
68.8	,	8.40
68.9	,	8.39
69	,	8.36
69.1	,	8.34
69.2	,	8.32
69.3	,	8.29
69.4	,	8.27
69.5	,	8.25
69.6	,	8.22
69.7	,	8.20
69.8	,	8.19
69.9	,	8.17
70	,	8.14
70.1	,	8.12
70.2	,	8.10
70.3	,	8.07
70.4	,	8.06
70.5	,	8.03
70.6	,	8.02
70.7	,	7.99
70.8	,	7.98
70.9	,	7.96
71	,	7.94
71.1	,	7.92
71.2	,	7.89
71.3	,	7.88
71.4	,	7.85
71.5	,	7.83
71.6	,	7.80
71.7	,	7.80
71.8	,	7.78
71.9	,	7.75
72	,	7.74
72.1	,	7.71
72.2	,	7.70
72.3	,	7.68
72.4	,	7.67
72.5	,	7.64
72.6	,	7.61
72.7	,	7.61
72.8	,	7.58
72.9	,	7.56
73	,	7.55
73.1	,	7.53
73.2	,	7.50
73.3	,	7.48
73.4	,	7.47
73.5	,	7.45
73.6	,	7.43
73.7	,	7.42
73.8	,	7.39
73.9	,	7.38
74	,	7.37
74.1	,	7.34
74.2	,	7.34
74.3	,	7.30
74.4	,	7.29
74.5	,	7.28
74.6	,	7.26
74.7	,	7.23
74.8	,	7.22
74.9	,	7.20
75	,	7.18
75.1	,	7.16
75.2	,	7.15
75.3	,	7.13
75.4	,	7.12
75.5	,	7.11
75.6	,	7.08
75.7	,	7.07
75.8	,	7.05
75.9	,	7.03
76	,	7.02
76.1	,	6.99
76.2	,	6.99
76.3	,	6.97
76.4	,	6.95
76.5	,	6.93
76.6	,	6.91
76.7	,	6.90
76.8	,	6.88
76.9	,	6.87
77	,	6.85
77.1	,	6.82
77.2	,	6.82
77.3	,	6.80
77.4	,	6.79
77.5	,	6.77
77.6	,	6.76
77.7	,	6.74
77.8	,	6.73
77.9	,	6.71
78	,	6.68
78.1	,	6.67
78.2	,	6.66
78.3	,	6.66
78.4	,	6.63
78.5	,	6.61
78.6	,	6.60
78.7	,	6.58
78.8	,	6.58
78.9	,	6.56
79	,	6.54
79.1	,	6.52
79.2	,	6.51
79.3	,	6.51
79.4	,	6.50
79.5	,	6.47
79.6	,	6.46
79.7	,	6.44
79.8	,	6.42
79.9	,	6.42
80	,	6.40
80.1	,	6.39
80.2	,	6.37
80.3	,	6.36
80.4	,	6.34
80.5	,	6.33
80.6	,	6.32
80.7	,	6.31
80.8	,	6.29
80.9	,	6.28
81	,	6.26
81.1	,	6.24
81.2	,	6.23
81.3	,	6.22
81.4	,	6.22
81.5	,	6.20
81.6	,	6.18
81.7	,	6.16
81.8	,	6.15
81.9	,	6.13
82	,	6.13
82.1	,	6.12
82.2	,	6.10
82.3	,	6.08
82.4	,	6.07
82.5	,	6.06
82.6	,	6.04
82.7	,	6.03
82.8	,	6.02
82.9	,	6.01
83	,	5.99
83.1	,	5.98
83.2	,	5.97
83.3	,	5.97
83.4	,	5.94
83.5	,	5.93
83.6	,	5.93
83.7	,	5.91
83.8	,	5.91
83.9	,	5.88
84	,	5.88
84.1	,	5.86
84.2	,	5.85
84.3	,	5.84
84.4	,	5.82
84.5	,	5.81
84.6	,	5.80
84.7	,	5.79
84.8	,	5.77
84.9	,	5.76
85	,	5.75
85.1	,	5.74
85.2	,	5.73
85.3	,	5.72
85.4	,	5.71
85.5	,	5.70
85.6	,	5.69
85.7	,	5.66
85.8	,	5.66
85.9	,	5.64
86	,	5.63
86.1	,	5.62
86.2	,	5.62
86.3	,	5.61
86.4	,	5.60
86.5	,	5.58
86.6	,	5.57
86.7	,	5.57
86.8	,	5.55
86.9	,	5.54
87	,	5.53
87.1	,	5.51
87.2	,	5.51
87.3	,	5.50
87.4	,	5.48
87.5	,	5.47
87.6	,	5.45
87.7	,	5.45
87.8	,	5.45
87.9	,	5.43
88	,	5.42
88.1	,	5.41
88.2	,	5.40
88.3	,	5.39
88.4	,	5.38
88.5	,	5.37
88.6	,	5.37
88.7	,	5.34
88.8	,	5.33
88.9	,	5.32
89	,	5.32
89.1	,	5.31
89.2	,	5.30
89.3	,	5.29
89.4	,	5.28
89.5	,	5.27
89.6	,	5.26
89.7	,	5.25
89.8	,	5.24
89.9	,	5.22
90	,	5.22
90.1	,	5.21
90.2	,	5.19
90.3	,	5.19
90.4	,	5.17
90.5	,	5.17
90.6	,	5.17
90.7	,	5.16
90.8	,	5.15
90.9	,	5.14
91	,	5.13
91.1	,	5.12
91.2	,	5.12
91.3	,	5.09
91.4	,	5.09
91.5	,	5.08
91.6	,	5.07
91.7	,	5.06
91.8	,	5.05
91.9	,	5.05
92	,	5.04
92.1	,	5.02
92.2	,	5.01
92.3	,	5.00
92.4	,	4.99
92.5	,	4.99
92.6	,	4.98
92.7	,	4.97
92.8	,	4.96
92.9	,	4.94
93	,	4.94
93.1	,	4.93
93.2	,	4.93
93.3	,	4.91
93.4	,	4.91
93.5	,	4.90
93.6	,	4.90
93.7	,	4.89
93.8	,	4.87
93.9	,	4.86
94	,	4.85
94.1	,	4.85
94.2	,	4.85
94.3	,	4.84
94.4	,	4.82
94.5	,	4.81
94.6	,	4.81
94.7	,	4.80
94.8	,	4.79
94.9	,	4.80
95	,	4.78
95.1	,	4.77
95.2	,	4.76
95.3	,	4.75
95.4	,	4.73
95.5	,	4.73
95.6	,	4.73
95.7	,	4.72
95.8	,	4.71
95.9	,	4.71
96	,	4.70
96.1	,	4.69
96.2	,	4.68
96.3	,	4.68
96.4	,	4.67
96.5	,	4.65
96.6	,	4.65
96.7	,	4.65
96.8	,	4.63
96.9	,	4.62
97	,	4.62
97.1	,	4.62
97.2	,	4.60
97.3	,	4.60
97.4	,	4.59
97.5	,	4.58
97.6	,	4.58
97.7	,	4.57
97.8	,	4.56
97.9	,	4.56
98	,	4.54
98.1	,	4.54
98.2	,	4.54
98.3	,	4.52
98.4	,	4.53
98.5	,	4.51
98.6	,	4.51
98.7	,	4.50
98.8	,	4.49
98.9	,	4.48
99	,	4.47
99.1	,	4.47
99.2	,	4.46
99.3	,	4.45
99.4	,	4.45
99.5	,	4.44
99.6	,	4.45
99.7	,	4.43
99.8	,	4.42
99.9	,	4.41
100	,	4.40
100.1	,	4.40
100.2	,	4.38
100.3	,	4.38
100.4	,	4.38
100.5	,	4.38
100.6	,	4.37
100.7	,	4.36
100.8	,	4.35
100.9	,	4.34
101	,	4.35
101.1	,	4.34
101.2	,	4.33
101.3	,	4.33
101.4	,	4.32
101.5	,	4.30
101.6	,	4.30
101.7	,	4.29
101.8	,	4.29
101.9	,	4.28
102	,	4.27
102.1	,	4.27
102.2	,	4.26
102.3	,	4.25
102.4	,	4.25
102.5	,	4.24
102.6	,	4.25
102.7	,	4.24
102.8	,	4.22
102.9	,	4.22
103	,	4.21
103.1	,	4.20
103.2	,	4.20
103.3	,	4.19
103.4	,	4.18
103.5	,	4.19
103.6	,	4.17
103.7	,	4.17
103.8	,	4.16
103.9	,	4.16
104	,	4.15
104.1	,	4.15
104.2	,	4.14
104.3	,	4.14
104.4	,	4.13
104.5	,	4.12
104.6	,	4.11
104.7	,	4.12
104.8	,	4.10
104.9	,	4.10
105	,	4.09
105.1	,	4.09
105.2	,	4.07
105.3	,	4.07
105.4	,	4.07
105.5	,	4.07
105.6	,	4.05
105.7	,	4.05
105.8	,	4.04
105.9	,	4.04
106	,	4.03
106.1	,	4.03
106.2	,	4.02
106.3	,	4.01
106.4	,	4.01
106.5	,	4.01
106.6	,	4.00
106.7	,	3.99
106.8	,	3.98
106.9	,	3.99
107	,	3.97
107.1	,	3.97
107.2	,	3.97
107.3	,	3.97
107.4	,	3.96
107.5	,	3.95
107.6	,	3.95
107.7	,	3.94
107.8	,	3.94
107.9	,	3.94
108	,	3.93
108.1	,	3.92
108.2	,	3.92
108.3	,	3.92
108.4	,	3.91
108.5	,	3.90
108.6	,	3.89
108.7	,	3.89
108.8	,	3.89
108.9	,	3.88
109	,	3.88
109.1	,	3.87
109.2	,	3.87
109.3	,	3.86
109.4	,	3.86
109.5	,	3.85
109.6	,	3.85
109.7	,	3.83
109.8	,	3.84
109.9	,	3.83
110	,	3.83
110.1	,	3.83
110.2	,	3.81
110.3	,	3.82
110.4	,	3.81
110.5	,	3.81
110.6	,	3.79
110.7	,	3.80
110.8	,	3.78
110.9	,	3.79
111	,	3.78
111.1	,	3.77
111.2	,	3.77
111.3	,	3.77
111.4	,	3.76
111.5	,	3.75
111.6	,	3.75
111.7	,	3.74
111.8	,	3.75
111.9	,	3.73
112	,	3.73
112.1	,	3.73
112.2	,	3.72
112.3	,	3.73
112.4	,	3.72
112.5	,	3.71
112.6	,	3.70
112.7	,	3.70
112.8	,	3.69
112.9	,	3.70
113	,	3.68
113.1	,	3.68
113.2	,	3.68
113.3	,	3.67
113.4	,	3.68
113.5	,	3.67
113.6	,	3.66
113.7	,	3.65
113.8	,	3.66
113.9	,	3.65
114	,	3.65
114.1	,	3.64
114.2	,	3.63
114.3	,	3.63
114.4	,	3.63
114.5	,	3.63
114.6	,	3.63
114.7	,	3.61
114.8	,	3.61
114.9	,	3.60
115	,	3.60
115.1	,	3.60
115.2	,	3.60
115.3	,	3.60
115.4	,	3.60
115.5	,	3.57
115.6	,	3.58
115.7	,	3.57
115.8	,	3.57
115.9	,	3.56
116	,	3.57
116.1	,	3.57
116.2	,	3.56
116.3	,	3.54
116.4	,	3.55
116.5	,	3.54
116.6	,	3.54
116.7	,	3.54
116.8	,	3.54
116.9	,	3.53
117	,	3.52
117.1	,	3.52
117.2	,	3.52
117.3	,	3.51
117.4	,	3.51
117.5	,	3.51
117.6	,	3.51
117.7	,	3.50
117.8	,	3.49
117.9	,	3.49
118	,	3.49
118.1	,	3.47
118.2	,	3.48
118.3	,	3.48
118.4	,	3.46
118.5	,	3.46
118.6	,	3.46
118.7	,	3.46
118.8	,	3.45
118.9	,	3.45
119	,	3.46
119.1	,	3.45
119.2	,	3.45
119.3	,	3.44
119.4	,	3.44
119.5	,	3.43
119.6	,	3.43
119.7	,	3.43
119.8	,	3.43
119.9	,	3.42
120	,	3.41
120.1	,	3.42
120.2	,	3.41
120.3	,	3.40
120.4	,	3.40
120.5	,	3.40
120.6	,	3.40
120.7	,	3.39
120.8	,	3.39
120.9	,	3.39
121	,	3.38
121.1	,	3.38
121.2	,	3.37
121.3	,	3.37
121.4	,	3.36
121.5	,	3.36
121.6	,	3.36
121.7	,	3.35
121.8	,	3.35
121.9	,	3.34
122	,	3.35
122.1	,	3.34
122.2	,	3.34
122.3	,	3.34
122.4	,	3.33
122.5	,	3.33
122.6	,	3.33
122.7	,	3.32
122.8	,	3.32
122.9	,	3.32
123	,	3.31
123.1	,	3.30
123.2	,	3.30
123.3	,	3.30
123.4	,	3.29
123.5	,	3.30
123.6	,	3.29
123.7	,	3.29
123.8	,	3.27
123.9	,	3.27
124	,	3.27
124.1	,	3.28
124.2	,	3.27
124.3	,	3.27
124.4	,	3.27
124.5	,	3.27
124.6	,	3.26
124.7	,	3.26
124.8	,	3.25
124.9	,	3.25
125	,	3.25
125.1	,	3.25
125.2	,	3.24
125.3	,	3.23
125.4	,	3.24
125.5	,	3.24
125.6	,	3.24
125.7	,	3.24
125.8	,	3.23
125.9	,	3.23
126	,	3.21
126.1	,	3.22
126.2	,	3.21
126.3	,	3.21
126.4	,	3.21
126.5	,	3.20
126.6	,	3.19
126.7	,	3.20
126.8	,	3.19
126.9	,	3.20
127	,	3.19
127.1	,	3.19
127.2	,	3.19
127.3	,	3.18
127.4	,	3.18
127.5	,	3.18
127.6	,	3.18
127.7	,	3.18
127.8	,	3.17
127.9	,	3.17
128	,	3.17
128.1	,	3.16
128.2	,	3.16
128.3	,	3.16
128.4	,	3.15
128.5	,	3.15
128.6	,	3.15
128.7	,	3.15
128.8	,	3.15
128.9	,	3.14
129	,	3.13
129.1	,	3.14
129.2	,	3.13
129.3	,	3.13
129.4	,	3.13
129.5	,	3.12
129.6	,	3.12
129.7	,	3.12
129.8	,	3.12
129.9	,	3.11
130	,	3.12
130.1	,	3.11
130.2	,	3.10
130.3	,	3.11
130.4	,	3.11
130.5	,	3.10
130.6	,	3.09
130.7	,	3.09
130.8	,	3.09
130.9	,	3.08
131	,	3.10
131.1	,	3.09
131.2	,	3.08
131.3	,	3.08
131.4	,	3.08
131.5	,	3.08
131.6	,	3.06
131.7	,	3.07
131.8	,	3.07
131.9	,	3.07
132	,	3.07
132.1	,	3.06
132.2	,	3.06
132.3	,	3.06
132.4	,	3.05
132.5	,	3.05
132.6	,	3.05
132.7	,	3.05
132.8	,	3.04
132.9	,	3.05
133	,	3.04
133.1	,	3.04
133.2	,	3.03
133.3	,	3.04
133.4	,	3.04
133.5	,	3.03
133.6	,	3.02
133.7	,	3.02
133.8	,	3.02
133.9	,	3.02
134	,	3.02
134.1	,	3.02
134.2	,	3.02
134.3	,	3.00
134.4	,	3.01
134.5	,	3.00
134.6	,	3.01
134.7	,	3.00
134.8	,	3.00
134.9	,	3.00
135	,	2.99
135.1	,	3.00
135.2	,	2.99
135.3	,	3.01
135.4	,	2.99
135.5	,	2.98
135.6	,	2.97
135.7	,	2.97
135.8	,	2.98
135.9	,	2.98
136	,	2.97
136.1	,	2.96
136.2	,	2.96
136.3	,	2.97
136.4	,	2.97
136.5	,	2.96
136.6	,	2.97
136.7	,	2.96
136.8	,	2.96
136.9	,	2.96
137	,	2.96
137.1	,	2.95
137.2	,	2.95
137.3	,	2.95
137.4	,	2.94
137.5	,	2.94
137.6	,	2.94
137.7	,	2.94
137.8	,	2.94
137.9	,	2.93
138	,	2.93
138.1	,	2.93
138.2	,	2.92
138.3	,	2.91
138.4	,	2.92
138.5	,	2.92
138.6	,	2.92
138.7	,	2.92
138.8	,	2.91
138.9	,	2.91
139	,	2.91
139.1	,	2.90
139.2	,	2.90
139.3	,	2.90
139.4	,	2.89
139.5	,	2.89
139.6	,	2.89
139.7	,	2.89
139.8	,	2.89
139.9	,	2.88
140	,	2.88
140.1	,	2.88
140.2	,	2.87
140.3	,	2.87
140.4	,	2.87
140.5	,	2.87
140.6	,	2.87
140.7	,	2.86
140.8	,	2.86
140.9	,	2.87
141	,	2.86
141.1	,	2.84
141.2	,	2.85
141.3	,	2.85
141.4	,	2.84
141.5	,	2.85
141.6	,	2.84
141.7	,	2.85
141.8	,	2.84
141.9	,	2.84
142	,	2.84
142.1	,	2.84
142.2	,	2.83
142.3	,	2.82
142.4	,	2.82
142.5	,	2.81
142.6	,	2.81
142.7	,	2.81
142.8	,	2.81
142.9	,	2.81
143	,	2.80
143.1	,	2.81
143.2	,	2.80
143.3	,	2.80
143.4	,	2.79
143.5	,	2.78
143.6	,	2.79
143.7	,	2.77
143.8	,	2.78
143.9	,	2.78
144	,	2.77
144.1	,	2.77
144.2	,	2.77
144.3	,	2.76
144.4	,	2.76
144.5	,	2.75
144.6	,	2.75
144.7	,	2.75
144.8	,	2.75
144.9	,	2.74
145	,	2.74
145.1	,	2.74
145.2	,	2.73
145.3	,	2.73
145.4	,	2.73
145.5	,	2.72
145.6	,	2.71
145.7	,	2.71
145.8	,	2.71
145.9	,	2.70
146	,	2.70
146.1	,	2.69
146.2	,	2.70
146.3	,	2.69
146.4	,	2.68
146.5	,	2.69
146.6	,	2.69
146.7	,	2.68
146.8	,	2.68
146.9	,	2.67
147	,	2.67
147.1	,	2.66
147.2	,	2.66
147.3	,	2.66
147.4	,	2.65
147.5	,	2.64
147.6	,	2.65
147.7	,	2.64
147.8	,	2.64
147.9	,	2.63
148	,	2.63
148.1	,	2.62
148.2	,	2.62
148.3	,	2.63
148.4	,	2.60
148.5	,	2.60
148.6	,	2.61
148.7	,	2.60
148.8	,	2.60
148.9	,	2.59
149	,	2.59
149.1	,	2.58
149.2	,	2.58
149.3	,	2.58
149.4	,	2.58
149.5	,	2.57
149.6	,	2.56
149.7	,	2.55
149.8	,	2.55
149.9	,	2.55
150	,	2.55
150.1	,	2.55
150.2	,	2.55
150.3	,	2.53
150.4	,	2.52
150.5	,	2.53
150.6	,	2.52
150.7	,	2.52
150.8	,	2.51
150.9	,	2.51
151	,	2.51
151.1	,	2.49
151.2	,	2.49
151.3	,	2.48
151.4	,	2.48
151.5	,	2.48
151.6	,	2.48
151.7	,	2.47
151.8	,	2.47
151.9	,	2.45
152	,	2.45
152.1	,	2.45
152.2	,	2.45
152.3	,	2.44
152.4	,	2.44
152.5	,	2.42
152.6	,	2.42
152.7	,	2.43
152.8	,	2.41
152.9	,	2.42
153	,	2.40
153.1	,	2.40
153.2	,	2.39
153.3	,	2.38
153.4	,	2.39
153.5	,	2.38
153.6	,	2.37
153.7	,	2.38
153.8	,	2.37
153.9	,	2.36
154	,	2.36
154.1	,	2.35
154.2	,	2.35
154.3	,	2.34
154.4	,	2.34
154.5	,	2.32
154.6	,	2.32
154.7	,	2.32
154.8	,	2.31
154.9	,	2.30
155	,	2.31
155.1	,	2.30
155.2	,	2.29
155.3	,	2.28
155.4	,	2.28
155.5	,	2.26
155.6	,	2.26
155.7	,	2.26
155.8	,	2.25
155.9	,	2.24
156	,	2.23
156.1	,	2.24
156.2	,	2.23
156.3	,	2.22
156.4	,	2.22
156.5	,	2.22
156.6	,	2.21
156.7	,	2.20
156.8	,	2.20
156.9	,	2.19
157	,	2.19
157.1	,	2.17
157.2	,	2.17
157.3	,	2.16
157.4	,	2.16
157.5	,	2.15
157.6	,	2.14
157.7	,	2.13
157.8	,	2.13
157.9	,	2.14
158	,	2.13
158.1	,	2.12
158.2	,	2.10
158.3	,	2.10
158.4	,	2.09
158.5	,	2.10
158.6	,	2.08
158.7	,	2.07
158.8	,	2.08
158.9	,	2.06
159	,	2.05
159.1	,	2.05
159.2	,	2.04
159.3	,	2.04
159.4	,	2.03
159.5	,	2.03
159.6	,	2.01
159.7	,	2.02
159.8	,	2.01
159.9	,	2.00
160	,	1.99
160.1	,	1.98
160.2	,	1.98
160.3	,	1.97
160.4	,	1.97
160.5	,	1.96
160.6	,	1.96
160.7	,	1.94
160.8	,	1.93
160.9	,	1.93
161	,	1.93
161.1	,	1.90
161.2	,	1.91
161.3	,	1.90
161.4	,	1.89
161.5	,	1.89
161.6	,	1.88
161.7	,	1.88
161.8	,	1.87
161.9	,	1.86
162	,	1.86
162.1	,	1.85
162.2	,	1.84
162.3	,	1.83
162.4	,	1.83
162.5	,	1.81
162.6	,	1.81
162.7	,	1.80
162.8	,	1.80
162.9	,	1.79
163	,	1.78
163.1	,	1.77
163.2	,	1.76
163.3	,	1.76
163.4	,	1.75
163.5	,	1.74
163.6	,	1.73
163.7	,	1.74
163.8	,	1.73
163.9	,	1.72
164	,	1.70
164.1	,	1.70
164.2	,	1.70
164.3	,	1.69
164.4	,	1.68
164.5	,	1.67
164.6	,	1.66
164.7	,	1.66
164.8	,	1.65
164.9	,	1.64
165	,	1.64
165.1	,	1.64
165.2	,	1.63
165.3	,	1.62
165.4	,	1.62
165.5	,	1.60
165.6	,	1.59
165.7	,	1.58
165.8	,	1.59
165.9	,	1.57
166	,	1.57
166.1	,	1.56
166.2	,	1.55
166.3	,	1.54
166.4	,	1.54
166.5	,	1.52
166.6	,	1.52
166.7	,	1.51
166.8	,	1.50
166.9	,	1.50
167	,	1.50
167.1	,	1.47
167.2	,	1.48
167.3	,	1.47
167.4	,	1.47
167.5	,	1.46
167.6	,	1.45
167.7	,	1.44
167.8	,	1.43
167.9	,	1.43
168	,	1.42
168.1	,	1.40
168.2	,	1.40
168.3	,	1.39
168.4	,	1.39
168.5	,	1.38
168.6	,	1.38
168.7	,	1.36
168.8	,	1.37
168.9	,	1.36
169	,	1.35
169.1	,	1.35
169.2	,	1.33
169.3	,	1.33
169.4	,	1.32
169.5	,	1.31
169.6	,	1.30
169.7	,	1.29
169.8	,	1.29
169.9	,	1.28
170	,	1.28
170.1	,	1.27
170.2	,	1.26
170.3	,	1.25
170.4	,	1.24
170.5	,	1.24
170.6	,	1.24
170.7	,	1.23
170.8	,	1.22
170.9	,	1.23
171	,	1.20
171.1	,	1.20
171.2	,	1.19
171.3	,	1.19
171.4	,	1.18
171.5	,	1.18
171.6	,	1.17
171.7	,	1.15
171.8	,	1.15
171.9	,	1.15
172	,	1.15
172.1	,	1.14
172.2	,	1.13
172.3	,	1.13
172.4	,	1.11
172.5	,	1.11
172.6	,	1.10
172.7	,	1.10
172.8	,	1.09
172.9	,	1.09
173	,	1.08
173.1	,	1.08
173.2	,	1.07
173.3	,	1.07
173.4	,	1.05
173.5	,	1.07
173.6	,	1.05
173.7	,	1.05
173.8	,	1.03
173.9	,	1.03
174	,	1.03
174.1	,	1.03
174.2	,	1.01
174.3	,	1.01
174.4	,	1.01
174.5	,	0.99
174.6	,	1.00
174.7	,	0.99
174.8	,	0.98
174.9	,	0.98
175	,	0.98
175.1	,	0.97
175.2	,	0.96
175.3	,	0.96
175.4	,	0.95
175.5	,	0.95
175.6	,	0.95
175.7	,	0.95
175.8	,	0.94
175.9	,	0.93
176	,	0.91
176.1	,	0.92
176.2	,	0.92
176.3	,	0.90
176.4	,	0.91
176.5	,	0.91
176.6	,	0.91
176.7	,	0.90
176.8	,	0.90
176.9	,	0.87
177	,	0.87
177.1	,	0.87
177.2	,	0.88
177.3	,	0.87
177.4	,	0.86
177.5	,	0.87
177.6	,	0.85
177.7	,	0.86
177.8	,	0.85
177.9	,	0.86
178	,	0.84
178.1	,	0.82
178.2	,	0.84
178.3	,	0.83
178.4	,	0.83
178.5	,	0.83
178.6	,	0.83
178.7	,	0.82
178.8	,	0.81
178.9	,	0.81
179	,	0.82
179.1	,	0.81
179.2	,	0.81
179.3	,	0.81
179.4	,	0.78
179.5	,	0.80
179.6	,	0.79
179.7	,	0.78
179.8	,	0.78
179.9	,	0.79
180	,	0.78
180.1	,	0.77
180.2	,	0.77
180.3	,	0.77
180.4	,	0.77
180.5	,	0.77
180.6	,	0.75
180.7	,	0.76
180.8	,	0.76
180.9	,	0.75
181	,	0.75
181.1	,	0.75
181.2	,	0.74
181.3	,	0.74
181.4	,	0.74
181.5	,	0.74
181.6	,	0.74
181.7	,	0.73
181.8	,	0.73
181.9	,	0.73
182	,	0.72
182.1	,	0.73
182.2	,	0.72
182.3	,	0.72
182.4	,	0.71
182.5	,	0.71
182.6	,	0.71
182.7	,	0.71
182.8	,	0.72
182.9	,	0.70
183	,	0.71
183.1	,	0.71
183.2	,	0.71
183.3	,	0.70
183.4	,	0.70
183.5	,	0.70
183.6	,	0.70
183.7	,	0.70
183.8	,	0.69
183.9	,	0.70
184	,	0.70
184.1	,	0.69
184.2	,	0.69
184.3	,	0.69
184.4	,	0.69
184.5	,	0.68
184.6	,	0.70
184.7	,	0.68
184.8	,	0.69
184.9	,	0.69
185	,	0.69
185.1	,	0.67
185.2	,	0.67
185.3	,	0.68
185.4	,	0.68
185.5	,	0.68
185.6	,	0.69
185.7	,	0.68
185.8	,	0.68
185.9	,	0.68
186	,	0.68
186.1	,	0.69
186.2	,	0.69
186.3	,	0.68
186.4	,	0.68
186.5	,	0.68
186.6	,	0.68
186.7	,	0.68
186.8	,	0.68
186.9	,	0.69
187	,	0.68
187.1	,	0.68
187.2	,	0.69
187.3	,	0.69
187.4	,	0.69
187.5	,	0.68
187.6	,	0.68
187.7	,	0.68
187.8	,	0.69
187.9	,	0.69
188	,	0.68
188.1	,	0.68
188.2	,	0.69
188.3	,	0.69
188.4	,	0.69
188.5	,	0.69
188.6	,	0.69
188.7	,	0.70
188.8	,	0.70
188.9	,	0.70
189	,	0.70
189.1	,	0.69
189.2	,	0.70
189.3	,	0.70
189.4	,	0.70
189.5	,	0.70
189.6	,	0.71
189.7	,	0.71
189.8	,	0.70
189.9	,	0.71
190	,	0.72
190.1	,	0.71
190.2	,	0.72
190.3	,	0.71
190.4	,	0.72
190.5	,	0.71
190.6	,	0.72
190.7	,	0.72
190.8	,	0.71
190.9	,	0.72
191	,	0.72
191.1	,	0.73
191.2	,	0.73
191.3	,	0.72
191.4	,	0.72
191.5	,	0.74
191.6	,	0.73
191.7	,	0.73
191.8	,	0.73
191.9	,	0.73
192	,	0.74
192.1	,	0.74
192.2	,	0.74
192.3	,	0.74
192.4	,	0.74
192.5	,	0.75
192.6	,	0.74
192.7	,	0.75
192.8	,	0.75
192.9	,	0.75
193	,	0.76
193.1	,	0.76
193.2	,	0.75
193.3	,	0.75
193.4	,	0.77
193.5	,	0.77
193.6	,	0.77
193.7	,	0.77
193.8	,	0.76
193.9	,	0.77
194	,	0.78
194.1	,	0.77
194.2	,	0.77
194.3	,	0.77
194.4	,	0.77
194.5	,	0.78
194.6	,	0.78
194.7	,	0.78
194.8	,	0.78
194.9	,	0.79
195	,	0.79
195.1	,	0.80
195.2	,	0.79
195.3	,	0.79
195.4	,	0.79
195.5	,	0.79
195.6	,	0.80
195.7	,	0.80
195.8	,	0.80
195.9	,	0.81
196	,	0.81
196.1	,	0.80
196.2	,	0.81
196.3	,	0.82
196.4	,	0.81
196.5	,	0.81
196.6	,	0.81
196.7	,	0.82
196.8	,	0.82
196.9	,	0.81
197	,	0.83
197.1	,	0.82
197.2	,	0.82
197.3	,	0.83
197.4	,	0.82
197.5	,	0.83
197.6	,	0.83
197.7	,	0.84
197.8	,	0.84
197.9	,	0.84
198	,	0.84
198.1	,	0.84
198.2	,	0.85
198.3	,	0.84
198.4	,	0.84
198.5	,	0.84
198.6	,	0.85
198.7	,	0.86
198.8	,	0.85
198.9	,	0.85
199	,	0.85
199.1	,	0.86
199.2	,	0.85
199.3	,	0.86
199.4	,	0.85
199.5	,	0.86
199.6	,	0.86
199.7	,	0.85
199.8	,	0.87
199.9	,	0.87
200	,	0.87
200.1	,	0.88
200.2	,	0.87
200.3	,	0.88
200.4	,	0.88
200.5	,	0.88
200.6	,	0.87
200.7	,	0.88
200.8	,	0.87
200.9	,	0.88
201	,	0.88
201.1	,	0.89
201.2	,	0.88
201.3	,	0.89
201.4	,	0.89
201.5	,	0.89
201.6	,	0.89
201.7	,	0.89
201.8	,	0.89
201.9	,	0.89
202	,	0.89
202.1	,	0.89
202.2	,	0.90
202.3	,	0.91
202.4	,	0.91
202.5	,	0.90
202.6	,	0.90
202.7	,	0.91
202.8	,	0.91
202.9	,	0.90
203	,	0.91
203.1	,	0.90
203.2	,	0.91
203.3	,	0.90
203.4	,	0.91
203.5	,	0.91
203.6	,	0.91
203.7	,	0.91
203.8	,	0.92
203.9	,	0.91
204	,	0.92
204.1	,	0.91
204.2	,	0.91
204.3	,	0.92
204.4	,	0.92
204.5	,	0.92
204.6	,	0.92
204.7	,	0.92
204.8	,	0.92
204.9	,	0.92
205	,	0.93
205.1	,	0.93
205.2	,	0.93
205.3	,	0.92
205.4	,	0.94
205.5	,	0.92
205.6	,	0.93
205.7	,	0.92
205.8	,	0.93
205.9	,	0.93
206	,	0.93
206.1	,	0.92
206.2	,	0.93
206.3	,	0.94
206.4	,	0.93
206.5	,	0.93
206.6	,	0.94
206.7	,	0.93
206.8	,	0.93
206.9	,	0.93
207	,	0.94
207.1	,	0.94
207.2	,	0.93
207.3	,	0.94
207.4	,	0.93
207.5	,	0.94
207.6	,	0.94
207.7	,	0.94
207.8	,	0.93
207.9	,	0.94
208	,	0.94
208.1	,	0.93
208.2	,	0.93
208.3	,	0.94
208.4	,	0.94
208.5	,	0.93
208.6	,	0.93
208.7	,	0.93
208.8	,	0.93
208.9	,	0.93
209	,	0.93
209.1	,	0.93
209.2	,	0.92
209.3	,	0.94
209.4	,	0.94
209.5	,	0.92
209.6	,	0.95
209.7	,	0.93
209.8	,	0.93
209.9	,	0.92
210	,	0.93
210.1	,	0.93
210.2	,	0.93
210.3	,	0.93
210.4	,	0.93
210.5	,	0.93
210.6	,	0.92
210.7	,	0.93
210.8	,	0.92
210.9	,	0.93
211	,	0.93
211.1	,	0.93
211.2	,	0.92
211.3	,	0.92
211.4	,	0.92
211.5	,	0.91
211.6	,	0.92
211.7	,	0.93
211.8	,	0.93
211.9	,	0.92
212	,	0.92
212.1	,	0.92
212.2	,	0.91
212.3	,	0.93
212.4	,	0.91
212.5	,	0.91
212.6	,	0.91
212.7	,	0.92
212.8	,	0.91
212.9	,	0.91
213	,	0.91
213.1	,	0.90
213.2	,	0.91
213.3	,	0.92
213.4	,	0.91
213.5	,	0.90
213.6	,	0.91
213.7	,	0.91
213.8	,	0.91
213.9	,	0.91
214	,	0.91
214.1	,	0.91
214.2	,	0.90
214.3	,	0.90
214.4	,	0.91
214.5	,	0.90
214.6	,	0.90
214.7	,	0.89
214.8	,	0.89
214.9	,	0.90
215	,	0.89
215.1	,	0.89
215.2	,	0.88
215.3	,	0.90
215.4	,	0.88
215.5	,	0.88
215.6	,	0.89
215.7	,	0.89
215.8	,	0.89
215.9	,	0.89
216	,	0.88
216.1	,	0.88
216.2	,	0.88
216.3	,	0.88
216.4	,	0.88
216.5	,	0.88
216.6	,	0.87
216.7	,	0.87
216.8	,	0.86
216.9	,	0.87
217	,	0.87
217.1	,	0.87
217.2	,	0.86
217.3	,	0.86
217.4	,	0.86
217.5	,	0.86
217.6	,	0.86
217.7	,	0.86
217.8	,	0.85
217.9	,	0.86
218	,	0.86
218.1	,	0.87
218.2	,	0.86
218.3	,	0.85
218.4	,	0.86
218.5	,	0.86
218.6	,	0.85
218.7	,	0.86
218.8	,	0.84
218.9	,	0.84
219	,	0.85
219.1	,	0.84
219.2	,	0.83
219.3	,	0.84
219.4	,	0.84
219.5	,	0.84
219.6	,	0.83
219.7	,	0.84
219.8	,	0.84
219.9	,	0.83
220	,	0.82
220.1	,	0.83
220.2	,	0.82
220.3	,	0.84
220.4	,	0.82
220.5	,	0.83
220.6	,	0.81
220.7	,	0.82
220.8	,	0.81
220.9	,	0.82
221	,	0.82
221.1	,	0.82
221.2	,	0.80
221.3	,	0.81
221.4	,	0.81
221.5	,	0.80
221.6	,	0.80
221.7	,	0.81
221.8	,	0.80
221.9	,	0.81
222	,	0.80
222.1	,	0.81
222.2	,	0.80
222.3	,	0.80
222.4	,	0.79
222.5	,	0.79
222.6	,	0.80
222.7	,	0.80
222.8	,	0.79
222.9	,	0.80
223	,	0.79
223.1	,	0.79
223.2	,	0.78
223.3	,	0.78
223.4	,	0.77
223.5	,	0.79
223.6	,	0.78
223.7	,	0.79
223.8	,	0.79
223.9	,	0.78
224	,	0.79
224.1	,	0.78
224.2	,	0.77
224.3	,	0.77
224.4	,	0.78
224.5	,	0.77
224.6	,	0.77
224.7	,	0.77
224.8	,	0.77
224.9	,	0.76
225	,	0.76
225.1	,	0.76
225.2	,	0.77
225.3	,	0.76
225.4	,	0.76
225.5	,	0.75
225.6	,	0.76
225.7	,	0.78
225.8	,	0.77
225.9	,	0.76
226	,	0.76
226.1	,	0.75
226.2	,	0.76
226.3	,	0.76
226.4	,	0.75
226.5	,	0.76
226.6	,	0.77
226.7	,	0.75
226.8	,	0.75
226.9	,	0.75
227	,	0.76
227.1	,	0.75
227.2	,	0.75
227.3	,	0.75
227.4	,	0.75
227.5	,	0.75
227.6	,	0.74
227.7	,	0.75
227.8	,	0.74
227.9	,	0.75
228	,	0.75
228.1	,	0.76
228.2	,	0.75
228.3	,	0.73
228.4	,	0.75
228.5	,	0.75
228.6	,	0.75
228.7	,	0.75
228.8	,	0.74
228.9	,	0.75
229	,	0.74
229.1	,	0.74
229.2	,	0.74
229.3	,	0.75
229.4	,	0.74
229.5	,	0.74
229.6	,	0.75
229.7	,	0.74
229.8	,	0.74
229.9	,	0.74
230	,	0.73
230.1	,	0.74
230.2	,	0.75
230.3	,	0.74
230.4	,	0.73
230.5	,	0.75
230.6	,	0.74
230.7	,	0.73
230.8	,	0.74
230.9	,	0.75
231	,	0.73
231.1	,	0.74
231.2	,	0.75
231.3	,	0.75
231.4	,	0.75
231.5	,	0.74
231.6	,	0.73
231.7	,	0.73
231.8	,	0.73
231.9	,	0.74
232	,	0.74
232.1	,	0.73
232.2	,	0.74
232.3	,	0.75
232.4	,	0.75
232.5	,	0.75
232.6	,	0.75
232.7	,	0.74
232.8	,	0.74
232.9	,	0.74
233	,	0.75
233.1	,	0.75
233.2	,	0.75
233.3	,	0.74
233.4	,	0.74
233.5	,	0.74
233.6	,	0.75
233.7	,	0.75
233.8	,	0.75
233.9	,	0.75
234	,	0.76
234.1	,	0.75
234.2	,	0.74
234.3	,	0.75
234.4	,	0.76
234.5	,	0.75
234.6	,	0.75
234.7	,	0.74
234.8	,	0.75
234.9	,	0.76
235	,	0.76
235.1	,	0.76
235.2	,	0.76
235.3	,	0.77
235.4	,	0.77
235.5	,	0.76
235.6	,	0.78
235.7	,	0.78
235.8	,	0.77
235.9	,	0.77
236	,	0.77
236.1	,	0.78
236.2	,	0.77
236.3	,	0.76
236.4	,	0.77
236.5	,	0.78
236.6	,	0.78
236.7	,	0.77
236.8	,	0.78
236.9	,	0.78
237	,	0.77
237.1	,	0.78
237.2	,	0.78
237.3	,	0.78
237.4	,	0.78
237.5	,	0.79
237.6	,	0.79
237.7	,	0.78
237.8	,	0.78
237.9	,	0.80
238	,	0.79
238.1	,	0.80
238.2	,	0.79
238.3	,	0.79
238.4	,	0.79
238.5	,	0.80
238.6	,	0.80
238.7	,	0.79
238.8	,	0.79
238.9	,	0.80
239	,	0.80
239.1	,	0.81
239.2	,	0.80
239.3	,	0.80
239.4	,	0.79
239.5	,	0.80
239.6	,	0.80
239.7	,	0.81
239.8	,	0.81
239.9	,	0.82
240	,	0.81
240.1	,	0.81
240.2	,	0.81
240.3	,	0.82
240.4	,	0.80
240.5	,	0.82
240.6	,	0.82
240.7	,	0.82
240.8	,	0.82
240.9	,	0.82
241	,	0.82
241.1	,	0.82
241.2	,	0.82
241.3	,	0.83
241.4	,	0.83
241.5	,	0.82
241.6	,	0.83
241.7	,	0.83
241.8	,	0.83
241.9	,	0.83
242	,	0.82
242.1	,	0.83
242.2	,	0.84
242.3	,	0.83
242.4	,	0.83
242.5	,	0.83
242.6	,	0.84
242.7	,	0.84
242.8	,	0.85
242.9	,	0.84
243	,	0.84
243.1	,	0.85
243.2	,	0.84
243.3	,	0.85
243.4	,	0.85
243.5	,	0.85
243.6	,	0.84
243.7	,	0.85
243.8	,	0.85
243.9	,	0.85
244	,	0.85
244.1	,	0.86
244.2	,	0.86
244.3	,	0.86
244.4	,	0.86
244.5	,	0.86
244.6	,	0.86
244.7	,	0.86
244.8	,	0.86
244.9	,	0.85
245	,	0.87
245.1	,	0.86
245.2	,	0.88
245.3	,	0.87
245.4	,	0.86
245.5	,	0.87
245.6	,	0.86
245.7	,	0.87
245.8	,	0.86
245.9	,	0.87
246	,	0.87
246.1	,	0.87
246.2	,	0.87
246.3	,	0.87
246.4	,	0.87
246.5	,	0.88
246.6	,	0.87
246.7	,	0.88
246.8	,	0.88
246.9	,	0.88
247	,	0.89
247.1	,	0.88
247.2	,	0.88
247.3	,	0.88
247.4	,	0.88
247.5	,	0.88
247.6	,	0.88
247.7	,	0.88
247.8	,	0.89
247.9	,	0.89
248	,	0.89
248.1	,	0.89
248.2	,	0.87
248.3	,	0.89
248.4	,	0.89
248.5	,	0.88
248.6	,	0.90
248.7	,	0.89
248.8	,	0.89
248.9	,	0.89
249	,	0.89
249.1	,	0.88
249.2	,	0.89
249.3	,	0.89
249.4	,	0.89
249.5	,	0.90
249.6	,	0.90
249.7	,	0.89
249.8	,	0.90
249.9	,	0.89
250	,	0.90
250.1	,	0.91
250.2	,	0.89
250.3	,	0.90
250.4	,	0.90
250.5	,	0.91
250.6	,	0.89
250.7	,	0.89
250.8	,	0.90
250.9	,	0.90
251	,	0.89
251.1	,	0.90
251.2	,	0.90
251.3	,	0.90
251.4	,	0.90
251.5	,	0.90
251.6	,	0.90
251.7	,	0.89
251.8	,	0.90
251.9	,	0.90
252	,	0.90
252.1	,	0.89
252.2	,	0.90
252.3	,	0.90
252.4	,	0.89
252.5	,	0.90
252.6	,	0.89
252.7	,	0.90
252.8	,	0.89
252.9	,	0.90
253	,	0.89
253.1	,	0.89
253.2	,	0.89
253.3	,	0.89
253.4	,	0.89
253.5	,	0.90
253.6	,	0.90
253.7	,	0.89
253.8	,	0.89
253.9	,	0.90
254	,	0.89
254.1	,	0.89
254.2	,	0.89
254.3	,	0.89
254.4	,	0.89
254.5	,	0.90
254.6	,	0.89
254.7	,	0.89
254.8	,	0.89
254.9	,	0.88
255	,	0.88
255.1	,	0.88
255.2	,	0.89
255.3	,	0.89
255.4	,	0.89
255.5	,	0.88
255.6	,	0.89
255.7	,	0.89
255.8	,	0.88
255.9	,	0.89
256	,	0.89
256.1	,	0.88
256.2	,	0.88
256.3	,	0.88
256.4	,	0.88
256.5	,	0.87
256.6	,	0.88
256.7	,	0.88
256.8	,	0.88
256.9	,	0.88
257	,	0.86
257.1	,	0.88
257.2	,	0.87
257.3	,	0.88
257.4	,	0.88
257.5	,	0.87
257.6	,	0.87
257.7	,	0.87
257.8	,	0.87
257.9	,	0.87
258	,	0.87
258.1	,	0.87
258.2	,	0.86
258.3	,	0.86
258.4	,	0.86
258.5	,	0.87
258.6	,	0.86
258.7	,	0.85
258.8	,	0.86
258.9	,	0.86
259	,	0.86
259.1	,	0.85
259.2	,	0.86
259.3	,	0.85
259.4	,	0.85
259.5	,	0.85
259.6	,	0.86
259.7	,	0.85
259.8	,	0.85
259.9	,	0.85
260	,	0.85
260.1	,	0.85
260.2	,	0.84
260.3	,	0.85
260.4	,	0.85
260.5	,	0.84
260.6	,	0.85
260.7	,	0.84
260.8	,	0.85
260.9	,	0.85
261	,	0.83
261.1	,	0.83
261.2	,	0.84
261.3	,	0.84
261.4	,	0.84
261.5	,	0.82
261.6	,	0.84
261.7	,	0.83
261.8	,	0.84
261.9	,	0.84
262	,	0.83
262.1	,	0.82
262.2	,	0.83
262.3	,	0.82
262.4	,	0.82
262.5	,	0.83
262.6	,	0.82
262.7	,	0.82
262.8	,	0.83
262.9	,	0.82
263	,	0.82
263.1	,	0.82
263.2	,	0.82
263.3	,	0.81
263.4	,	0.82
263.5	,	0.82
263.6	,	0.81
263.7	,	0.82
263.8	,	0.81
263.9	,	0.81
264	,	0.81
264.1	,	0.81
264.2	,	0.81
264.3	,	0.81
264.4	,	0.80
264.5	,	0.80
264.6	,	0.79
264.7	,	0.81
264.8	,	0.81
264.9	,	0.81
265	,	0.80
265.1	,	0.79
265.2	,	0.82
265.3	,	0.80
265.4	,	0.80
265.5	,	0.81
265.6	,	0.80
265.7	,	0.80
265.8	,	0.81
265.9	,	0.79
266	,	0.80
266.1	,	0.80
266.2	,	0.80
266.3	,	0.81
266.4	,	0.79
266.5	,	0.79
266.6	,	0.80
266.7	,	0.80
266.8	,	0.80
266.9	,	0.79
267	,	0.80
267.1	,	0.79
267.2	,	0.80
267.3	,	0.80
267.4	,	0.80
267.5	,	0.80
267.6	,	0.80
267.7	,	0.79
267.8	,	0.80
267.9	,	0.80
268	,	0.80
268.1	,	0.78
268.2	,	0.78
268.3	,	0.80
268.4	,	0.80
268.5	,	0.80
268.6	,	0.79
268.7	,	0.79
268.8	,	0.80
268.9	,	0.79
269	,	0.80
269.1	,	0.79
269.2	,	0.79
269.3	,	0.80
269.4	,	0.79
269.5	,	0.79
269.6	,	0.80
269.7	,	0.80
269.8	,	0.78
269.9	,	0.79
270	,	0.80
270.1	,	0.79
270.2	,	0.79
270.3	,	0.80
270.4	,	0.79
270.5	,	0.79
270.6	,	0.79
270.7	,	0.79
270.8	,	0.79
270.9	,	0.80
271	,	0.79
271.1	,	0.79
271.2	,	0.80
271.3	,	0.80
271.4	,	0.79
271.5	,	0.80
271.6	,	0.80
271.7	,	0.79
271.8	,	0.80
271.9	,	0.80
272	,	0.79
272.1	,	0.81
272.2	,	0.80
272.3	,	0.80
272.4	,	0.79
272.5	,	0.80
272.6	,	0.80
272.7	,	0.81
272.8	,	0.80
272.9	,	0.81
273	,	0.81
273.1	,	0.80
273.2	,	0.80
273.3	,	0.81
273.4	,	0.80
273.5	,	0.80
273.6	,	0.80
273.7	,	0.80
273.8	,	0.81
273.9	,	0.81
274	,	0.81
274.1	,	0.81
274.2	,	0.81
274.3	,	0.81
274.4	,	0.81
274.5	,	0.81
274.6	,	0.82
274.7	,	0.81
274.8	,	0.82
274.9	,	0.82
275	,	0.82
275.1	,	0.81
275.2	,	0.82
275.3	,	0.83
275.4	,	0.82
275.5	,	0.83
275.6	,	0.82
275.7	,	0.82
275.8	,	0.83
275.9	,	0.83
276	,	0.82
276.1	,	0.82
276.2	,	0.83
276.3	,	0.83
276.4	,	0.82
276.5	,	0.83
276.6	,	0.85
276.7	,	0.83
276.8	,	0.83
276.9	,	0.84
277	,	0.84
277.1	,	0.83
277.2	,	0.84
277.3	,	0.84
277.4	,	0.84
277.5	,	0.84
277.6	,	0.85
277.7	,	0.84
277.8	,	0.85
277.9	,	0.84
278	,	0.85
278.1	,	0.85
278.2	,	0.84
278.3	,	0.85
278.4	,	0.84
278.5	,	0.85
278.6	,	0.85
278.7	,	0.86
278.8	,	0.86
278.9	,	0.86
279	,	0.85
279.1	,	0.86
279.2	,	0.86
279.3	,	0.87
279.4	,	0.86
279.5	,	0.86
279.6	,	0.87
279.7	,	0.87
279.8	,	0.87
279.9	,	0.87
280	,	0.88
280.1	,	0.87
280.2	,	0.86
280.3	,	0.88
280.4	,	0.88
280.5	,	0.87
280.6	,	0.87
280.7	,	0.87
280.8	,	0.87
280.9	,	0.87
281	,	0.87
281.1	,	0.88
281.2	,	0.89
281.3	,	0.88
281.4	,	0.88
281.5	,	0.86
281.6	,	0.87
281.7	,	0.88
281.8	,	0.89
281.9	,	0.89
282	,	0.88
282.1	,	0.88
282.2	,	0.89
282.3	,	0.88
282.4	,	0.89
282.5	,	0.89
282.6	,	0.89
282.7	,	0.89
282.8	,	0.89
282.9	,	0.90
283	,	0.89
283.1	,	0.90
283.2	,	0.90
283.3	,	0.89
283.4	,	0.90
283.5	,	0.90
283.6	,	0.89
283.7	,	0.90
283.8	,	0.90
283.9	,	0.90
284	,	0.90
284.1	,	0.90
284.2	,	0.90
284.3	,	0.90
284.4	,	0.89
284.5	,	0.92
284.6	,	0.90
284.7	,	0.91
284.8	,	0.91
284.9	,	0.91
285	,	0.90
285.1	,	0.90
285.2	,	0.91
285.3	,	0.91
285.4	,	0.91
285.5	,	0.92
285.6	,	0.90
285.7	,	0.90
285.8	,	0.92
285.9	,	0.91
286	,	0.91
286.1	,	0.91
286.2	,	0.91
286.3	,	0.91
286.4	,	0.91
286.5	,	0.91
286.6	,	0.92
286.7	,	0.90
286.8	,	0.91
286.9	,	0.92
287	,	0.90
287.1	,	0.91
287.2	,	0.91
287.3	,	0.92
287.4	,	0.92
287.5	,	0.92
287.6	,	0.91
287.7	,	0.91
287.8	,	0.92
287.9	,	0.90
288	,	0.91
288.1	,	0.91
288.2	,	0.91
288.3	,	0.92
288.4	,	0.91
288.5	,	0.91
288.6	,	0.91
288.7	,	0.91
288.8	,	0.91
288.9	,	0.91
289	,	0.92
289.1	,	0.92
289.2	,	0.92
289.3	,	0.91
289.4	,	0.91
289.5	,	0.91
289.6	,	0.91
289.7	,	0.91
289.8	,	0.91
289.9	,	0.90
290	,	0.92
290.1	,	0.90
290.2	,	0.91
290.3	,	0.91
290.4	,	0.91
290.5	,	0.91
290.6	,	0.91
290.7	,	0.91
290.8	,	0.90
290.9	,	0.91
291	,	0.91
291.1	,	0.91
291.2	,	0.91
291.3	,	0.91
291.4	,	0.91
291.5	,	0.89
291.6	,	0.90
291.7	,	0.91
291.8	,	0.90
291.9	,	0.90
292	,	0.89
292.1	,	0.90
292.2	,	0.90
292.3	,	0.90
292.4	,	0.90
292.5	,	0.89
292.6	,	0.90
292.7	,	0.89
292.8	,	0.88
292.9	,	0.90
293	,	0.89
293.1	,	0.89
293.2	,	0.89
293.3	,	0.89
293.4	,	0.89
293.5	,	0.88
293.6	,	0.90
293.7	,	0.88
293.8	,	0.89
293.9	,	0.89
294	,	0.89
294.1	,	0.89
294.2	,	0.89
294.3	,	0.88
294.4	,	0.88
294.5	,	0.88
294.6	,	0.88
294.7	,	0.87
294.8	,	0.89
294.9	,	0.88
295	,	0.88
295.1	,	0.87
295.2	,	0.87
295.3	,	0.88
295.4	,	0.88
295.5	,	0.87
295.6	,	0.87
295.7	,	0.86
295.8	,	0.86
295.9	,	0.87
296	,	0.87
296.1	,	0.87
296.2	,	0.88
296.3	,	0.87
296.4	,	0.86
296.5	,	0.87
296.6	,	0.86
296.7	,	0.87
296.8	,	0.86
296.9	,	0.87
297	,	0.87
297.1	,	0.86
297.2	,	0.86
297.3	,	0.85
297.4	,	0.85
297.5	,	0.86
297.6	,	0.85
297.7	,	0.86
297.8	,	0.86
297.9	,	0.86
298	,	0.85
298.1	,	0.86
298.2	,	0.86
298.3	,	0.85
298.4	,	0.84
298.5	,	0.86
298.6	,	0.85
298.7	,	0.85
298.8	,	0.85
298.9	,	0.85
299	,	0.85
299.1	,	0.85
299.2	,	0.85
299.3	,	0.84
299.4	,	0.85
299.5	,	0.85
299.6	,	0.85
299.7	,	0.85
299.8	,	0.85
299.9	,	0.84
300	,	0.85
300.1	,	0.84
300.2	,	0.83
300.3	,	0.84
300.4	,	0.85
300.5	,	0.85
300.6	,	0.85
300.7	,	0.84
300.8	,	0.85
300.9	,	0.84
301	,	0.84
301.1	,	0.85
301.2	,	0.85
301.3	,	0.84
301.4	,	0.84
301.5	,	0.84
301.6	,	0.85
301.7	,	0.83
301.8	,	0.84
301.9	,	0.84
302	,	0.84
302.1	,	0.84
302.2	,	0.84
302.3	,	0.85
302.4	,	0.84
302.5	,	0.84
302.6	,	0.84
302.7	,	0.84
302.8	,	0.84
302.9	,	0.84
303	,	0.84
303.1	,	0.83
303.2	,	0.84
303.3	,	0.84
303.4	,	0.83
303.5	,	0.84
303.6	,	0.85
303.7	,	0.83
303.8	,	0.84
303.9	,	0.85
304	,	0.84
304.1	,	0.84
304.2	,	0.83
304.3	,	0.83
304.4	,	0.84
304.5	,	0.83
304.6	,	0.84
304.7	,	0.84
304.8	,	0.84
304.9	,	0.85
305	,	0.84
305.1	,	0.83
305.2	,	0.84
305.3	,	0.84
305.4	,	0.85
305.5	,	0.84
305.6	,	0.85
305.7	,	0.85
305.8	,	0.85
305.9	,	0.86
306	,	0.85
306.1	,	0.85
306.2	,	0.84
306.3	,	0.85
306.4	,	0.85
306.5	,	0.85
306.6	,	0.85
306.7	,	0.85
306.8	,	0.84
306.9	,	0.86
307	,	0.85
307.1	,	0.85
307.2	,	0.86
307.3	,	0.86
307.4	,	0.86
307.5	,	0.87
307.6	,	0.85
307.7	,	0.86
307.8	,	0.85
307.9	,	0.87
308	,	0.87
308.1	,	0.87
308.2	,	0.87
308.3	,	0.86
308.4	,	0.88
308.5	,	0.87
308.6	,	0.86
308.7	,	0.87
308.8	,	0.87
308.9	,	0.87
309	,	0.87
309.1	,	0.87
309.2	,	0.88
309.3	,	0.87
309.4	,	0.88
309.5	,	0.88
309.6	,	0.86
309.7	,	0.87
309.8	,	0.88
309.9	,	0.88
310	,	0.88
310.1	,	0.88
310.2	,	0.89
310.3	,	0.88
310.4	,	0.89
310.5	,	0.88
310.6	,	0.88
310.7	,	0.89
310.8	,	0.90
310.9	,	0.89
311	,	0.88
311.1	,	0.89
311.2	,	0.89
311.3	,	0.90
311.4	,	0.89
311.5	,	0.90
311.6	,	0.88
311.7	,	0.90
311.8	,	0.90
311.9	,	0.89
312	,	0.91
312.1	,	0.89
312.2	,	0.90
312.3	,	0.90
312.4	,	0.91
312.5	,	0.90
312.6	,	0.90
312.7	,	0.91
312.8	,	0.91
312.9	,	0.90
313	,	0.91
313.1	,	0.91
313.2	,	0.91
313.3	,	0.91
313.4	,	0.91
313.5	,	0.92
313.6	,	0.92
313.7	,	0.90
313.8	,	0.92
313.9	,	0.91
314	,	0.91
314.1	,	0.92
314.2	,	0.91
314.3	,	0.92
314.4	,	0.92
314.5	,	0.92
314.6	,	0.93
314.7	,	0.93
314.8	,	0.92
314.9	,	0.92
315	,	0.92
315.1	,	0.92
315.2	,	0.92
315.3	,	0.92
315.4	,	0.93
315.5	,	0.93
315.6	,	0.92
315.7	,	0.93
315.8	,	0.93
315.9	,	0.93
316	,	0.92
316.1	,	0.93
316.2	,	0.93
316.3	,	0.92
316.4	,	0.94
316.5	,	0.94
316.6	,	0.93
316.7	,	0.93
316.8	,	0.94
316.9	,	0.93
317	,	0.93
317.1	,	0.93
317.2	,	0.93
317.3	,	0.93
317.4	,	0.94
317.5	,	0.93
317.6	,	0.93
317.7	,	0.93
317.8	,	0.93
317.9	,	0.94
318	,	0.93
318.1	,	0.93
318.2	,	0.93
318.3	,	0.94
318.4	,	0.94
318.5	,	0.93
318.6	,	0.94
318.7	,	0.94
318.8	,	0.94
318.9	,	0.93
319	,	0.93
319.1	,	0.94
319.2	,	0.93
319.3	,	0.94
319.4	,	0.93
319.5	,	0.94
319.6	,	0.94
319.7	,	0.93
319.8	,	0.94
319.9	,	0.94
320	,	0.93
320.1	,	0.93
320.2	,	0.94
320.3	,	0.94
320.4	,	0.93
320.5	,	0.94
320.6	,	0.92
320.7	,	0.94
320.8	,	0.93
320.9	,	0.93
321	,	0.93
321.1	,	0.93
321.2	,	0.93
321.3	,	0.92
321.4	,	0.92
321.5	,	0.93
321.6	,	0.94
321.7	,	0.94
321.8	,	0.94
321.9	,	0.93
322	,	0.93
322.1	,	0.93
322.2	,	0.93
322.3	,	0.93
322.4	,	0.93
322.5	,	0.92
322.6	,	0.93
322.7	,	0.93
322.8	,	0.92
322.9	,	0.93
323	,	0.92
323.1	,	0.93
323.2	,	0.93
323.3	,	0.93
323.4	,	0.92
323.5	,	0.93
323.6	,	0.92
323.7	,	0.92
323.8	,	0.92
323.9	,	0.92
324	,	0.92
324.1	,	0.91
324.2	,	0.92
324.3	,	0.92
324.4	,	0.91
324.5	,	0.92
324.6	,	0.92
324.7	,	0.91
324.8	,	0.91
324.9	,	0.92
325	,	0.91
325.1	,	0.91
325.2	,	0.92
325.3	,	0.91
325.4	,	0.92
325.5	,	0.91
325.6	,	0.91
325.7	,	0.91
325.8	,	0.92
325.9	,	0.91
326	,	0.91
326.1	,	0.91
326.2	,	0.91
326.3	,	0.91
326.4	,	0.90
326.5	,	0.90
326.6	,	0.91
326.7	,	0.90
326.8	,	0.92
326.9	,	0.91
327	,	0.91
327.1	,	0.91
327.2	,	0.90
327.3	,	0.91
327.4	,	0.90
327.5	,	0.91
327.6	,	0.89
327.7	,	0.91
327.8	,	0.90
327.9	,	0.91
328	,	0.90
328.1	,	0.90
328.2	,	0.90
328.3	,	0.90
328.4	,	0.90
328.5	,	0.90
328.6	,	0.90
328.7	,	0.90
328.8	,	0.90
328.9	,	0.90
329	,	0.90
329.1	,	0.90
329.2	,	0.90
329.3	,	0.90
329.4	,	0.91
329.5	,	0.89
329.6	,	0.90
329.7	,	0.89
329.8	,	0.90
329.9	,	0.90
330	,	0.90
330.1	,	0.90
330.2	,	0.91
330.3	,	0.90
330.4	,	0.90
330.5	,	0.90
330.6	,	0.89
330.7	,	0.90
330.8	,	0.90
330.9	,	0.90
331	,	0.91
331.1	,	0.91
331.2	,	0.90
331.3	,	0.89
331.4	,	0.90
331.5	,	0.90
331.6	,	0.90
331.7	,	0.90
331.8	,	0.90
331.9	,	0.89
332	,	0.91
332.1	,	0.91
332.2	,	0.91
332.3	,	0.91
332.4	,	0.90
332.5	,	0.91
332.6	,	0.91
332.7	,	0.90
332.8	,	0.91
332.9	,	0.91
333	,	0.91
333.1	,	0.91
333.2	,	0.90
333.3	,	0.91
333.4	,	0.90
333.5	,	0.90
333.6	,	0.91
333.7	,	0.91
333.8	,	0.90
333.9	,	0.92
334	,	0.92
334.1	,	0.91
334.2	,	0.91
334.3	,	0.92
334.4	,	0.91
334.5	,	0.91
334.6	,	0.91
334.7	,	0.92
334.8	,	0.92
334.9	,	0.91
335	,	0.92
335.1	,	0.91
335.2	,	0.93
335.3	,	0.93
335.4	,	0.92
335.5	,	0.93
335.6	,	0.92
335.7	,	0.92
335.8	,	0.93
335.9	,	0.92
336	,	0.93
336.1	,	0.93
336.2	,	0.93
336.3	,	0.94
336.4	,	0.93
336.5	,	0.93
336.6	,	0.93
336.7	,	0.94
336.8	,	0.95
336.9	,	0.94
337	,	0.94
337.1	,	0.93
337.2	,	0.96
337.3	,	0.94
337.4	,	0.94
337.5	,	0.95
337.6	,	0.95
337.7	,	0.96
337.8	,	0.95
337.9	,	0.95
338	,	0.95
338.1	,	0.95
338.2	,	0.95
338.3	,	0.95
338.4	,	0.96
338.5	,	0.96
338.6	,	0.97
338.7	,	0.97
338.8	,	0.97
338.9	,	0.97
339	,	0.97
339.1	,	0.96
339.2	,	0.97
339.3	,	0.96
339.4	,	0.98
339.5	,	0.97
339.6	,	0.99
339.7	,	0.98
339.8	,	0.99
339.9	,	0.98
340	,	0.98
340.1	,	0.98
340.2	,	0.98
340.3	,	0.98
340.4	,	0.98
340.5	,	0.99
340.6	,	0.99
340.7	,	0.98
340.8	,	0.99
340.9	,	0.99
341	,	0.99
341.1	,	0.99
341.2	,	0.99
341.3	,	1.00
341.4	,	1.00
341.5	,	1.01
341.6	,	1.01
341.7	,	1.01
341.8	,	1.01
341.9	,	1.02
342	,	1.01
342.1	,	1.01
342.2	,	1.01
342.3	,	1.01
342.4	,	1.02
342.5	,	1.02
342.6	,	1.02
342.7	,	1.02
342.8	,	1.03
342.9	,	1.02
343	,	1.03
343.1	,	1.03
343.2	,	1.02
343.3	,	1.03
343.4	,	1.03
343.5	,	1.04
343.6	,	1.04
343.7	,	1.04
343.8	,	1.04
343.9	,	1.05
344	,	1.04
344.1	,	1.05
344.2	,	1.06
344.3	,	1.04
344.4	,	1.05
344.5	,	1.05
344.6	,	1.05
344.7	,	1.06
344.8	,	1.06
344.9	,	1.06
345	,	1.06
345.1	,	1.06
345.2	,	1.07
345.3	,	1.07
345.4	,	1.07
345.5	,	1.07
345.6	,	1.08
345.7	,	1.08
345.8	,	1.07
345.9	,	1.08
346	,	1.09
346.1	,	1.08
346.2	,	1.08
346.3	,	1.09
346.4	,	1.10
346.5	,	1.09
346.6	,	1.10
346.7	,	1.10
346.8	,	1.10
346.9	,	1.10
347	,	1.09
347.1	,	1.10
347.2	,	1.10
347.3	,	1.11
347.4	,	1.09
347.5	,	1.11
347.6	,	1.13
347.7	,	1.11
347.8	,	1.12
347.9	,	1.12
348	,	1.11
348.1	,	1.11
348.2	,	1.12
348.3	,	1.12
348.4	,	1.12
348.5	,	1.13
348.6	,	1.13
348.7	,	1.13
348.8	,	1.13
348.9	,	1.13
349	,	1.13
349.1	,	1.13
349.2	,	1.13
349.3	,	1.13
349.4	,	1.14
349.5	,	1.14
349.6	,	1.15
349.7	,	1.13
349.8	,	1.15
349.9	,	1.15
350	,	1.15
350.1	,	1.14
350.2	,	1.16
350.3	,	1.14
350.4	,	1.16
350.5	,	1.15
350.6	,	1.16
350.7	,	1.15
350.8	,	1.16
350.9	,	1.15
351	,	1.16
351.1	,	1.16
351.2	,	1.15
351.3	,	1.15
351.4	,	1.16
351.5	,	1.16
351.6	,	1.16
351.7	,	1.16
351.8	,	1.16
351.9	,	1.15
352	,	1.15
352.1	,	1.15
352.2	,	1.16
352.3	,	1.16
352.4	,	1.15
352.5	,	1.16
352.6	,	1.16
352.7	,	1.15
352.8	,	1.17
352.9	,	1.16
353	,	1.16
353.1	,	1.15
353.2	,	1.16
353.3	,	1.14
353.4	,	1.15
353.5	,	1.15
353.6	,	1.15
353.7	,	1.15
353.8	,	1.15
353.9	,	1.14
354	,	1.14
354.1	,	1.14
354.2	,	1.14
354.3	,	1.13
354.4	,	1.13
354.5	,	1.14
354.6	,	1.14
354.7	,	1.14
354.8	,	1.13
354.9	,	1.14
355	,	1.13
355.1	,	1.12
355.2	,	1.13
355.3	,	1.12
355.4	,	1.13
355.5	,	1.12
355.6	,	1.12
355.7	,	1.12
355.8	,	1.12
355.9	,	1.11
356	,	1.10
356.1	,	1.11
356.2	,	1.10
356.3	,	1.09
356.4	,	1.10
356.5	,	1.10
356.6	,	1.09
356.7	,	1.10
356.8	,	1.09
356.9	,	1.07
357	,	1.08
357.1	,	1.07
357.2	,	1.07
357.3	,	1.06
357.4	,	1.06
357.5	,	1.07
357.6	,	1.06
357.7	,	1.05
357.8	,	1.05
357.9	,	1.05
358	,	1.04
358.1	,	1.04
358.2	,	1.03
358.3	,	1.04
358.4	,	1.03
358.5	,	1.02
358.6	,	1.02
358.7	,	1.01
358.8	,	1.01
358.9	,	1.01
359	,	1.01
359.1	,	0.99
359.2	,	1.00
359.3	,	0.99
359.4	,	1.00
359.5	,	0.98
359.6	,	0.98
359.7	,	0.97
359.8	,	0.96
359.9	,	0.96
360	,	0.97
360.1	,	0.95
360.2	,	0.95
360.3	,	0.94
360.4	,	0.93
360.5	,	0.94
360.6	,	0.93
360.7	,	0.93
360.8	,	0.93
360.9	,	0.93
361	,	0.92
361.1	,	0.91
361.2	,	0.91
361.3	,	0.91
361.4	,	0.90
361.5	,	0.91
361.6	,	0.90
361.7	,	0.90
361.8	,	0.89
361.9	,	0.89
362	,	0.89
362.1	,	0.89
362.2	,	0.89
362.3	,	0.88
362.4	,	0.88
362.5	,	0.87
362.6	,	0.88
362.7	,	0.87
362.8	,	0.87
362.9	,	0.87
363	,	0.87
363.1	,	0.87
363.2	,	0.87
363.3	,	0.87
363.4	,	0.87
363.5	,	0.85
363.6	,	0.86
363.7	,	0.86
363.8	,	0.86
363.9	,	0.87
364	,	0.86
364.1	,	0.87
364.2	,	0.87
364.3	,	0.87
364.4	,	0.87
364.5	,	0.87
364.6	,	0.87
364.7	,	0.87
364.8	,	0.87
364.9	,	0.86
365	,	0.87
365.1	,	0.88
365.2	,	0.87
365.3	,	0.88
365.4	,	0.88
365.5	,	0.88
365.6	,	0.89
365.7	,	0.88
365.8	,	0.88
365.9	,	0.87
366	,	0.87
366.1	,	0.88
366.2	,	0.88
366.3	,	0.88
366.4	,	0.88
366.5	,	0.89
366.6	,	0.88
366.7	,	0.88
366.8	,	0.89
366.9	,	0.89
367	,	0.88
367.1	,	0.89
367.2	,	0.89
367.3	,	0.89
367.4	,	0.89
367.5	,	0.89
367.6	,	0.89
367.7	,	0.88
367.8	,	0.89
367.9	,	0.89
368	,	0.89
368.1	,	0.89
368.2	,	0.90
368.3	,	0.89
368.4	,	0.89
368.5	,	0.88
368.6	,	0.89
368.7	,	0.89
368.8	,	0.89
368.9	,	0.89
369	,	0.89
369.1	,	0.89
369.2	,	0.88
369.3	,	0.88
369.4	,	0.88
369.5	,	0.88
369.6	,	0.89
369.7	,	0.88
369.8	,	0.88
369.9	,	0.88
370	,	0.89
370.1	,	0.89
370.2	,	0.89
370.3	,	0.89
370.4	,	0.88
370.5	,	0.89
370.6	,	0.88
370.7	,	0.88
370.8	,	0.88
370.9	,	0.89
371	,	0.88
371.1	,	0.88
371.2	,	0.87
371.3	,	0.87
371.4	,	0.88
371.5	,	0.88
371.6	,	0.88
371.7	,	0.88
371.8	,	0.88
371.9	,	0.87
372	,	0.87
372.1	,	0.88
372.2	,	0.88
372.3	,	0.88
372.4	,	0.87
372.5	,	0.87
372.6	,	0.87
372.7	,	0.88
372.8	,	0.87
372.9	,	0.87
373	,	0.88
373.1	,	0.87
373.2	,	0.87
373.3	,	0.87
373.4	,	0.88
373.5	,	0.87
373.6	,	0.88
373.7	,	0.87
373.8	,	0.88
373.9	,	0.87
374	,	0.87
374.1	,	0.88
374.2	,	0.89
374.3	,	0.87
374.4	,	0.87
374.5	,	0.88
374.6	,	0.88
374.7	,	0.88
374.8	,	0.88
374.9	,	0.89
375	,	0.89
375.1	,	0.88
375.2	,	0.89
375.3	,	0.89
375.4	,	0.88
375.5	,	0.89
375.6	,	0.88
375.7	,	0.89
375.8	,	0.88
375.9	,	0.88
376	,	0.89
376.1	,	0.88
376.2	,	0.88
376.3	,	0.88
376.4	,	0.89
376.5	,	0.88
376.6	,	0.88
376.7	,	0.88
376.8	,	0.89
376.9	,	0.87
377	,	0.90
377.1	,	0.88
377.2	,	0.88
377.3	,	0.87
377.4	,	0.89
377.5	,	0.89
377.6	,	0.88
377.7	,	0.88
377.8	,	0.89
377.9	,	0.89
378	,	0.88
378.1	,	0.87
378.2	,	0.88
378.3	,	0.87
378.4	,	0.88
378.5	,	0.87
378.6	,	0.88
378.7	,	0.88
378.8	,	0.88
378.9	,	0.88
379	,	0.88
379.1	,	0.87
379.2	,	0.88
379.3	,	0.87
379.4	,	0.87
379.5	,	0.87
379.6	,	0.87
379.7	,	0.87
379.8	,	0.87
379.9	,	0.88
380	,	0.87
380.1	,	0.87
380.2	,	0.88
380.3	,	0.86
380.4	,	0.88
380.5	,	0.87
380.6	,	0.88
380.7	,	0.86
380.8	,	0.87
380.9	,	0.87
381	,	0.87
381.1	,	0.87
381.2	,	0.87
381.3	,	0.86
381.4	,	0.87
381.5	,	0.87
381.6	,	0.86
381.7	,	0.88
381.8	,	0.88
381.9	,	0.87
382	,	0.88
382.1	,	0.87
382.2	,	0.86
382.3	,	0.87
382.4	,	0.88
382.5	,	0.86
382.6	,	0.88
382.7	,	0.87
382.8	,	0.87
382.9	,	0.87
383	,	0.87
383.1	,	0.88
383.2	,	0.87
383.3	,	0.88
383.4	,	0.88
383.5	,	0.88
383.6	,	0.88
383.7	,	0.87
383.8	,	0.88
383.9	,	0.88
384	,	0.89
384.1	,	0.87
384.2	,	0.88
384.3	,	0.88
384.4	,	0.88
384.5	,	0.87
384.6	,	0.88
384.7	,	0.89
384.8	,	0.88
384.9	,	0.87
385	,	0.88
385.1	,	0.87
385.2	,	0.88
385.3	,	0.88
385.4	,	0.89
385.5	,	0.88
385.6	,	0.88
385.7	,	0.88
385.8	,	0.88
385.9	,	0.88
386	,	0.88
386.1	,	0.88
386.2	,	0.87
386.3	,	0.90
386.4	,	0.88
386.5	,	0.89
386.6	,	0.88
386.7	,	0.88
386.8	,	0.88
386.9	,	0.88
387	,	0.88
387.1	,	0.88
387.2	,	0.88
387.3	,	0.88
387.4	,	0.88
387.5	,	0.88
387.6	,	0.88
387.7	,	0.88
387.8	,	0.88
387.9	,	0.88
388	,	0.87
388.1	,	0.88
388.2	,	0.88
388.3	,	0.88
388.4	,	0.88
388.5	,	0.88
388.6	,	0.88
388.7	,	0.88
388.8	,	0.87
388.9	,	0.88
389	,	0.87
389.1	,	0.87
389.2	,	0.88
389.3	,	0.88
389.4	,	0.88
389.5	,	0.89
389.6	,	0.87
389.7	,	0.88
389.8	,	0.87
389.9	,	0.87
390	,	0.88
390.1	,	0.87
390.2	,	0.88
390.3	,	0.88
390.4	,	0.87
390.5	,	0.87
390.6	,	0.86
390.7	,	0.87
390.8	,	0.87
390.9	,	0.88
391	,	0.87
391.1	,	0.87
391.2	,	0.88
391.3	,	0.87
391.4	,	0.88
391.5	,	0.87
391.6	,	0.87
391.7	,	0.88
391.8	,	0.87
391.9	,	0.88
392	,	0.88
392.1	,	0.87
392.2	,	0.87
392.3	,	0.87
392.4	,	0.87
392.5	,	0.86
392.6	,	0.88
392.7	,	0.86
392.8	,	0.87
392.9	,	0.87
393	,	0.88
393.1	,	0.88
393.2	,	0.89
393.3	,	0.87
393.4	,	0.88
393.5	,	0.87
393.6	,	0.88
393.7	,	0.87
393.8	,	0.87
393.9	,	0.88
394	,	0.87
394.1	,	0.88
394.2	,	0.88
394.3	,	0.88
394.4	,	0.88
394.5	,	0.89
394.6	,	0.88
394.7	,	0.87
394.8	,	0.88
394.9	,	0.88
395	,	0.88
395.1	,	0.88
395.2	,	0.88
395.3	,	0.88
395.4	,	0.88
395.5	,	0.88
395.6	,	0.88
395.7	,	0.89
395.8	,	0.88
395.9	,	0.88
396	,	0.88
396.1	,	0.88
396.2	,	0.88
396.3	,	0.89
396.4	,	0.88
396.5	,	0.89
396.6	,	0.88
396.7	,	0.88
396.8	,	0.88
396.9	,	0.89
397	,	0.89
397.1	,	0.89
397.2	,	0.88
397.3	,	0.88
397.4	,	0.89
397.5	,	0.89
397.6	,	0.88
397.7	,	0.88
397.8	,	0.89
397.9	,	0.88
398	,	0.89
398.1	,	0.88
398.2	,	0.88
398.3	,	0.89
398.4	,	0.88
398.5	,	0.88
398.6	,	0.88
398.7	,	0.88
398.8	,	0.89
398.9	,	0.89
399	,	0.89
399.1	,	0.88
399.2	,	0.89
399.3	,	0.89
399.4	,	0.88
399.5	,	0.89
399.6	,	0.89
399.7	,	0.89
399.8	,	0.88
399.9	,	0.88
400	,	0.88
400.1	,	0.88
400.2	,	0.88
400.3	,	0.89
400.4	,	0.88
400.5	,	0.90
400.6	,	0.89
400.7	,	0.89
400.8	,	0.88
400.9	,	0.89
401	,	0.89
401.1	,	0.88
401.2	,	0.89
401.3	,	0.89
401.4	,	0.89
401.5	,	0.90
401.6	,	0.89
401.7	,	0.89
401.8	,	0.89
401.9	,	0.88
402	,	0.89
402.1	,	0.90
402.2	,	0.89
402.3	,	0.89
402.4	,	0.89
402.5	,	0.89
402.6	,	0.89
402.7	,	0.88
402.8	,	0.89
402.9	,	0.88
403	,	0.88
403.1	,	0.89
403.2	,	0.89
403.3	,	0.89
403.4	,	0.89
403.5	,	0.89
403.6	,	0.89
403.7	,	0.88
403.8	,	0.90
403.9	,	0.89
404	,	0.89
404.1	,	0.89
404.2	,	0.89
404.3	,	0.90
404.4	,	0.89
404.5	,	0.89
404.6	,	0.89
404.7	,	0.89
404.8	,	0.89
404.9	,	0.89
405	,	0.89
405.1	,	0.89
405.2	,	0.89
405.3	,	0.89
405.4	,	0.89
405.5	,	0.89
405.6	,	0.89
405.7	,	0.89
405.8	,	0.89
405.9	,	0.90
406	,	0.89
406.1	,	0.89
406.2	,	0.89
406.3	,	0.89
406.4	,	0.90
406.5	,	0.89
406.6	,	0.90
406.7	,	0.89
406.8	,	0.89
406.9	,	0.89
407	,	0.89
407.1	,	0.89
407.2	,	0.89
407.3	,	0.90
407.4	,	0.90
407.5	,	0.89
407.6	,	0.89
407.7	,	0.89
407.8	,	0.90
407.9	,	0.88
408	,	0.89
408.1	,	0.89
408.2	,	0.89
408.3	,	0.89
408.4	,	0.90
408.5	,	0.90
408.6	,	0.90
408.7	,	0.90
408.8	,	0.90
408.9	,	0.90
409	,	0.89
409.1	,	0.91
409.2	,	0.90
409.3	,	0.89
409.4	,	0.91
409.5	,	0.90
409.6	,	0.90
409.7	,	0.89
409.8	,	0.90
409.9	,	0.90
410	,	0.90
410.1	,	0.89
410.2	,	0.91
410.3	,	0.89
410.4	,	0.89
410.5	,	0.91
410.6	,	0.90
410.7	,	0.90
410.8	,	0.90
410.9	,	0.90
411	,	0.90
411.1	,	0.91
411.2	,	0.90
411.3	,	0.90
411.4	,	0.91
411.5	,	0.91
411.6	,	0.90
411.7	,	0.91
411.8	,	0.90
411.9	,	0.91
412	,	0.91
412.1	,	0.90
412.2	,	0.90
412.3	,	0.90
412.4	,	0.90
412.5	,	0.89
412.6	,	0.91
412.7	,	0.90
412.8	,	0.90
412.9	,	0.90
413	,	0.90
413.1	,	0.90
413.2	,	0.90
413.3	,	0.90
413.4	,	0.91
413.5	,	0.90
413.6	,	0.91
413.7	,	0.90
413.8	,	0.91
413.9	,	0.90
414	,	0.92
414.1	,	0.91
414.2	,	0.90
414.3	,	0.91
414.4	,	0.89
414.5	,	0.90
414.6	,	0.90
414.7	,	0.90
414.8	,	0.91
414.9	,	0.91
415	,	0.91
415.1	,	0.90
415.2	,	0.90
415.3	,	0.91
415.4	,	0.92
415.5	,	0.91
415.6	,	0.91
415.7	,	0.91
415.8	,	0.91
415.9	,	0.90
416	,	0.91
416.1	,	0.91
416.2	,	0.91
416.3	,	0.90
416.4	,	0.90
416.5	,	0.92
416.6	,	0.90
416.7	,	0.91
416.8	,	0.91
416.9	,	0.91
417	,	0.91
417.1	,	0.92
417.2	,	0.91
417.3	,	0.91
417.4	,	0.90
417.5	,	0.91
417.6	,	0.91
417.7	,	0.92
417.8	,	0.91
417.9	,	0.91
418	,	0.91
418.1	,	0.91
418.2	,	0.91
418.3	,	0.91
418.4	,	0.92
418.5	,	0.91
418.6	,	0.90
418.7	,	0.91
418.8	,	0.91
418.9	,	0.92
419	,	0.91
419.1	,	0.91
419.2	,	0.92
419.3	,	0.91
419.4	,	0.91
419.5	,	0.91
419.6	,	0.91
419.7	,	0.91
419.8	,	0.90
419.9	,	0.92
420	,	0.91
420.1	,	0.92
420.2	,	0.91
420.3	,	0.91
420.4	,	0.91
420.5	,	0.91
420.6	,	0.91
420.7	,	0.91
420.8	,	0.92
420.9	,	0.91
421	,	0.91
421.1	,	0.90
421.2	,	0.91
421.3	,	0.91
421.4	,	0.91
421.5	,	0.91
421.6	,	0.90
421.7	,	0.91
421.8	,	0.92
421.9	,	0.91
422	,	0.91
422.1	,	0.91
422.2	,	0.90
422.3	,	0.91
422.4	,	0.91
422.5	,	0.91
422.6	,	0.91
422.7	,	0.91
422.8	,	0.91
422.9	,	0.91
423	,	0.91
423.1	,	0.92
423.2	,	0.91
423.3	,	0.91
423.4	,	0.91
423.5	,	0.90
423.6	,	0.90
423.7	,	0.92
423.8	,	0.91
423.9	,	0.92
424	,	0.91
424.1	,	0.92
424.2	,	0.91
424.3	,	0.90
424.4	,	0.92
424.5	,	0.91
424.6	,	0.91
424.7	,	0.91
424.8	,	0.91
424.9	,	0.92
425	,	0.91
425.1	,	0.92
425.2	,	0.90
425.3	,	0.92
425.4	,	0.91
425.5	,	0.91
425.6	,	0.92
425.7	,	0.92
425.8	,	0.92
425.9	,	0.91
426	,	0.91
426.1	,	0.91
426.2	,	0.91
426.3	,	0.91
426.4	,	0.91
426.5	,	0.92
426.6	,	0.92
426.7	,	0.91
426.8	,	0.92
426.9	,	0.92
427	,	0.92
427.1	,	0.91
427.2	,	0.92
427.3	,	0.92
427.4	,	0.92
427.5	,	0.91
427.6	,	0.92
427.7	,	0.91
427.8	,	0.92
427.9	,	0.92
428	,	0.92
428.1	,	0.92
428.2	,	0.92
428.3	,	0.92
428.4	,	0.92
428.5	,	0.92
428.6	,	0.92
428.7	,	0.91
428.8	,	0.92
428.9	,	0.91
429	,	0.91
429.1	,	0.92
429.2	,	0.92
429.3	,	0.91
429.4	,	0.91
429.5	,	0.92
429.6	,	0.92
429.7	,	0.91
429.8	,	0.91
429.9	,	0.92
430	,	0.92
430.1	,	0.92
430.2	,	0.92
430.3	,	0.92
430.4	,	0.93
430.5	,	0.92
430.6	,	0.93
430.7	,	0.92
430.8	,	0.92
430.9	,	0.92
431	,	0.92
431.1	,	0.93
431.2	,	0.92
431.3	,	0.92
431.4	,	0.92
431.5	,	0.91
431.6	,	0.91
431.7	,	0.91
431.8	,	0.91
431.9	,	0.92
432	,	0.92
432.1	,	0.92
432.2	,	0.93
432.3	,	0.92
432.4	,	0.93
432.5	,	0.92
432.6	,	0.92
432.7	,	0.91
432.8	,	0.93
432.9	,	0.91
433	,	0.92
433.1	,	0.93
433.2	,	0.92
433.3	,	0.93
433.4	,	0.91
433.5	,	0.91
433.6	,	0.93
433.7	,	0.91
433.8	,	0.92
433.9	,	0.92
434	,	0.91
434.1	,	0.92
434.2	,	0.94
434.3	,	0.92
434.4	,	0.92
434.5	,	0.92
434.6	,	0.92
434.7	,	0.92
434.8	,	0.92
434.9	,	0.92
435	,	0.93
435.1	,	0.91
435.2	,	0.92
435.3	,	0.93
435.4	,	0.91
435.5	,	0.91
435.6	,	0.93
435.7	,	0.91
435.8	,	0.91
435.9	,	0.92
436	,	0.91
436.1	,	0.92
436.2	,	0.92
436.3	,	0.92
436.4	,	0.91
436.5	,	0.92
436.6	,	0.92
436.7	,	0.92
436.8	,	0.93
436.9	,	0.91
437	,	0.91
437.1	,	0.92
437.2	,	0.91
437.3	,	0.92
437.4	,	0.93
437.5	,	0.91
437.6	,	0.91
437.7	,	0.91
437.8	,	0.92
437.9	,	0.92
438	,	0.92
438.1	,	0.92
438.2	,	0.92
438.3	,	0.92
438.4	,	0.91
438.5	,	0.91
438.6	,	0.91
438.7	,	0.92
438.8	,	0.92
438.9	,	0.92
439	,	0.92
439.1	,	0.92
439.2	,	0.91
439.3	,	0.91
439.4	,	0.90
439.5	,	0.93
439.6	,	0.92
439.7	,	0.91
439.8	,	0.92
439.9	,	0.92
440	,	0.91
440.1	,	0.91
440.2	,	0.92
440.3	,	0.92
440.4	,	0.92
440.5	,	0.91
440.6	,	0.92
440.7	,	0.92
440.8	,	0.92
440.9	,	0.92
441	,	0.92
441.1	,	0.91
441.2	,	0.91
441.3	,	0.93
441.4	,	0.92
441.5	,	0.92
441.6	,	0.91
441.7	,	0.92
441.8	,	0.92
441.9	,	0.92
442	,	0.91
442.1	,	0.91
442.2	,	0.92
442.3	,	0.91
442.4	,	0.92
442.5	,	0.92
442.6	,	0.93
442.7	,	0.92
442.8	,	0.92
442.9	,	0.91
443	,	0.93
443.1	,	0.92
443.2	,	0.92
443.3	,	0.92
443.4	,	0.91
443.5	,	0.92
443.6	,	0.92
443.7	,	0.92
443.8	,	0.92
443.9	,	0.92
444	,	0.92
444.1	,	0.91
444.2	,	0.91
444.3	,	0.92
444.4	,	0.91
444.5	,	0.92
444.6	,	0.92
444.7	,	0.91
444.8	,	0.92
444.9	,	0.92
445	,	0.91
445.1	,	0.92
445.2	,	0.92
445.3	,	0.91
445.4	,	0.92
445.5	,	0.92
445.6	,	0.92
445.7	,	0.92
445.8	,	0.92
445.9	,	0.92
446	,	0.92
446.1	,	0.91
446.2	,	0.92
446.3	,	0.91
446.4	,	0.92
446.5	,	0.91
446.6	,	0.92
446.7	,	0.92
446.8	,	0.92
446.9	,	0.92
447	,	0.92
447.1	,	0.91
447.2	,	0.92
447.3	,	0.92
447.4	,	0.90
447.5	,	0.91
447.6	,	0.91
447.7	,	0.91
447.8	,	0.91
447.9	,	0.91
448	,	0.92
448.1	,	0.92
448.2	,	0.92
448.3	,	0.92
448.4	,	0.93
448.5	,	0.92
448.6	,	0.93
448.7	,	0.91
448.8	,	0.92
448.9	,	0.93
449	,	0.91
449.1	,	0.92
449.2	,	0.91
449.3	,	0.91
449.4	,	0.92
449.5	,	0.92
449.6	,	0.92
449.7	,	0.91
449.8	,	0.91
449.9	,	0.91
450	,	0.92
450.1	,	0.92
450.2	,	0.92
450.3	,	0.91
450.4	,	0.92
450.5	,	0.92
450.6	,	0.91
450.7	,	0.92
450.8	,	0.91
450.9	,	0.91
451	,	0.92
451.1	,	0.92
451.2	,	0.91
451.3	,	0.92
451.4	,	0.91
451.5	,	0.93
451.6	,	0.92
451.7	,	0.92
451.8	,	0.92
451.9	,	0.92
452	,	0.92
452.1	,	0.91
452.2	,	0.92
452.3	,	0.92
452.4	,	0.92
452.5	,	0.93
452.6	,	0.92
452.7	,	0.92
452.8	,	0.92
452.9	,	0.92
453	,	0.92
453.1	,	0.92
453.2	,	0.92
453.3	,	0.91
453.4	,	0.91
453.5	,	0.91
453.6	,	0.92
453.7	,	0.91
453.8	,	0.92
453.9	,	0.92
454	,	0.91
454.1	,	0.92
454.2	,	0.92
454.3	,	0.92
454.4	,	0.93
454.5	,	0.91
454.6	,	0.92
454.7	,	0.93
454.8	,	0.91
454.9	,	0.91
455	,	0.92
455.1	,	0.92
455.2	,	0.90
455.3	,	0.92
455.4	,	0.91
455.5	,	0.91
455.6	,	0.92
455.7	,	0.92
455.8	,	0.92
455.9	,	0.92
456	,	0.92
456.1	,	0.92
456.2	,	0.91
456.3	,	0.91
456.4	,	0.91
456.5	,	0.93
456.6	,	0.91
456.7	,	0.92
456.8	,	0.91
456.9	,	0.91
457	,	0.92
457.1	,	0.91
457.2	,	0.92
457.3	,	0.93
457.4	,	0.92
457.5	,	0.91
457.6	,	0.92
457.7	,	0.93
457.8	,	0.91
457.9	,	0.91
458	,	0.92
458.1	,	0.92
458.2	,	0.91
458.3	,	0.92
458.4	,	0.91
458.5	,	0.92
458.6	,	0.92
458.7	,	0.92
458.8	,	0.93
458.9	,	0.92
459	,	0.92
459.1	,	0.92
459.2	,	0.92
459.3	,	0.91
459.4	,	0.92
459.5	,	0.91
459.6	,	0.91
459.7	,	0.91
459.8	,	0.92
459.9	,	0.92
460	,	0.92
460.1	,	0.91
460.2	,	0.91
460.3	,	0.91
460.4	,	0.91
460.5	,	0.92
460.6	,	0.92
460.7	,	0.92
460.8	,	0.92
460.9	,	0.92
461	,	0.92
461.1	,	0.92
461.2	,	0.91
461.3	,	0.93
461.4	,	0.92
461.5	,	0.92
461.6	,	0.91
461.7	,	0.92
461.8	,	0.92
461.9	,	0.91
462	,	0.92
462.1	,	0.92
462.2	,	0.92
462.3	,	0.91
462.4	,	0.92
462.5	,	0.92
462.6	,	0.93
462.7	,	0.92
462.8	,	0.92
462.9	,	0.91
463	,	0.92
463.1	,	0.92
463.2	,	0.92
463.3	,	0.92
463.4	,	0.92
463.5	,	0.92
463.6	,	0.92
463.7	,	0.91
463.8	,	0.91
463.9	,	0.92
464	,	0.93
464.1	,	0.91
464.2	,	0.92
464.3	,	0.91
464.4	,	0.91
464.5	,	0.92
464.6	,	0.91
464.7	,	0.93
464.8	,	0.92
464.9	,	0.92
465	,	0.92
465.1	,	0.92
465.2	,	0.92
465.3	,	0.93
465.4	,	0.92
465.5	,	0.92
465.6	,	0.92
465.7	,	0.92
465.8	,	0.92
465.9	,	0.93
466	,	0.93
466.1	,	0.93
466.2	,	0.93
466.3	,	0.92
466.4	,	0.92
466.5	,	0.91
466.6	,	0.93
466.7	,	0.93
466.8	,	0.92
466.9	,	0.92
467	,	0.92
467.1	,	0.93
467.2	,	0.93
467.3	,	0.93
467.4	,	0.92
467.5	,	0.93
467.6	,	0.92
467.7	,	0.93
467.8	,	0.93
467.9	,	0.92
468	,	0.93
468.1	,	0.91
468.2	,	0.93
468.3	,	0.92
468.4	,	0.92
468.5	,	0.93
468.6	,	0.92
468.7	,	0.93
468.8	,	0.93
468.9	,	0.92
469	,	0.93
469.1	,	0.93
469.2	,	0.92
469.3	,	0.92
469.4	,	0.92
469.5	,	0.92
469.6	,	0.93
469.7	,	0.93
469.8	,	0.92
469.9	,	0.93
470	,	0.92
470.1	,	0.93
470.2	,	0.93
470.3	,	0.94
470.4	,	0.92
470.5	,	0.93
470.6	,	0.92
470.7	,	0.92
470.8	,	0.93
470.9	,	0.93
471	,	0.93
471.1	,	0.92
471.2	,	0.93
471.3	,	0.93
471.4	,	0.92
471.5	,	0.93
471.6	,	0.93
471.7	,	0.92
471.8	,	0.93
471.9	,	0.93
472	,	0.92
472.1	,	0.93
472.2	,	0.93
472.3	,	0.93
472.4	,	0.93
472.5	,	0.92
472.6	,	0.94
472.7	,	0.93
472.8	,	0.94
472.9	,	0.92
473	,	0.93
473.1	,	0.93
473.2	,	0.94
473.3	,	0.93
473.4	,	0.93
473.5	,	0.93
473.6	,	0.92
473.7	,	0.93
473.8	,	0.93
473.9	,	0.93
474	,	0.93
474.1	,	0.92
474.2	,	0.93
474.3	,	0.93
474.4	,	0.92
474.5	,	0.93
474.6	,	0.93
474.7	,	0.93
474.8	,	0.94
474.9	,	0.93
475	,	0.92
475.1	,	0.92
475.2	,	0.93
475.3	,	0.93
475.4	,	0.94
475.5	,	0.94
475.6	,	0.94
475.7	,	0.93
475.8	,	0.93
475.9	,	0.93
476	,	0.92
476.1	,	0.93
476.2	,	0.94
476.3	,	0.94
476.4	,	0.93
476.5	,	0.93
476.6	,	0.93
476.7	,	0.94
476.8	,	0.94
476.9	,	0.92
477	,	0.94
477.1	,	0.93
477.2	,	0.93
477.3	,	0.93
477.4	,	0.93
477.5	,	0.93
477.6	,	0.94
477.7	,	0.94
477.8	,	0.94
477.9	,	0.93
478	,	0.94
478.1	,	0.94
478.2	,	0.93
478.3	,	0.94
478.4	,	0.94
478.5	,	0.94
478.6	,	0.93
478.7	,	0.93
478.8	,	0.92
478.9	,	0.94
479	,	0.94
479.1	,	0.94
479.2	,	0.94
479.3	,	0.94
479.4	,	0.94
479.5	,	0.94
479.6	,	0.93
479.7	,	0.93
479.8	,	0.94
479.9	,	0.93
480	,	0.94
480.1	,	0.94
480.2	,	0.94
480.3	,	0.93
480.4	,	0.94
480.5	,	0.92
480.6	,	0.93
480.7	,	0.94
480.8	,	0.94
480.9	,	0.93
481	,	0.94
481.1	,	0.94
481.2	,	0.94
481.3	,	0.94
481.4	,	0.94
481.5	,	0.94
481.6	,	0.94
481.7	,	0.94
481.8	,	0.93
481.9	,	0.94
482	,	0.94
482.1	,	0.94
482.2	,	0.95
482.3	,	0.94
482.4	,	0.95
482.5	,	0.94
482.6	,	0.94
482.7	,	0.95
482.8	,	0.94
482.9	,	0.94
483	,	0.94
483.1	,	0.95
483.2	,	0.94
483.3	,	0.93
483.4	,	0.93
483.5	,	0.93
483.6	,	0.94
483.7	,	0.93
483.8	,	0.94
483.9	,	0.95
484	,	0.94
484.1	,	0.95
484.2	,	0.95
484.3	,	0.95
484.4	,	0.95
484.5	,	0.94
484.6	,	0.94
484.7	,	0.94
484.8	,	0.94
484.9	,	0.93
485	,	0.94
485.1	,	0.93
485.2	,	0.95
485.3	,	0.95
485.4	,	0.94
485.5	,	0.95
485.6	,	0.94
485.7	,	0.95
485.8	,	0.94
485.9	,	0.94
486	,	0.94
486.1	,	0.95
486.2	,	0.94
486.3	,	0.94
486.4	,	0.95
486.5	,	0.94
486.6	,	0.94
486.7	,	0.94
486.8	,	0.96
486.9	,	0.95
487	,	0.94
487.1	,	0.95
487.2	,	0.94
487.3	,	0.95
487.4	,	0.94
487.5	,	0.95
487.6	,	0.95
487.7	,	0.94
487.8	,	0.95
487.9	,	0.96
488	,	0.94
488.1	,	0.94
488.2	,	0.96
488.3	,	0.95
488.4	,	0.94
488.5	,	0.95
488.6	,	0.95
488.7	,	0.95
488.8	,	0.95
488.9	,	0.95
489	,	0.95
489.1	,	0.94
489.2	,	0.95
489.3	,	0.94
489.4	,	0.95
489.5	,	0.95
489.6	,	0.95
489.7	,	0.94
489.8	,	0.96
489.9	,	0.95
490	,	0.95
490.1	,	0.94
490.2	,	0.95
490.3	,	0.95
490.4	,	0.95
490.5	,	0.96
490.6	,	0.96
490.7	,	0.95
490.8	,	0.95
490.9	,	0.95
491	,	0.95
491.1	,	0.96
491.2	,	0.96
491.3	,	0.95
491.4	,	0.95
491.5	,	0.95
491.6	,	0.96
491.7	,	0.95
491.8	,	0.95
491.9	,	0.96
492	,	0.96
492.1	,	0.95
492.2	,	0.96
492.3	,	0.96
492.4	,	0.95
492.5	,	0.95
492.6	,	0.96
492.7	,	0.95
492.8	,	0.95
492.9	,	0.96
493	,	0.96
493.1	,	0.95
493.2	,	0.95
493.3	,	0.95
493.4	,	0.95
493.5	,	0.96
493.6	,	0.95
493.7	,	0.96
493.8	,	0.96
493.9	,	0.96
494	,	0.96
494.1	,	0.95
494.2	,	0.96
494.3	,	0.96
494.4	,	0.95
494.5	,	0.96
494.6	,	0.96
494.7	,	0.95
494.8	,	0.95
494.9	,	0.96
495	,	0.96
495.1	,	0.95
495.2	,	0.95
495.3	,	0.96
495.4	,	0.97
495.5	,	0.96
495.6	,	0.96
495.7	,	0.96
495.8	,	0.96
495.9	,	0.95
496	,	0.96
496.1	,	0.96
496.2	,	0.97
496.3	,	0.95
496.4	,	0.96
496.5	,	0.96
496.6	,	0.96
496.7	,	0.97
496.8	,	0.96
496.9	,	0.95
497	,	0.96
497.1	,	0.96
497.2	,	0.96
497.3	,	0.96
497.4	,	0.96
497.5	,	0.96
497.6	,	0.97
497.7	,	0.96
497.8	,	0.96
497.9	,	0.95
498	,	0.96
498.1	,	0.95
498.2	,	0.96
498.3	,	0.96
498.4	,	0.98
498.5	,	0.96
498.6	,	0.96
498.7	,	0.97
498.8	,	0.96
498.9	,	0.96
499	,	0.97
499.1	,	0.96
499.2	,	0.96
499.3	,	0.96
499.4	,	0.97
499.5	,	0.96
499.6	,	0.96
499.7	,	0.97
499.8	,	0.97
499.9	,	0.97
500	,	0.96
500.1	,	0.96
500.2	,	0.96
500.3	,	0.96
500.4	,	0.96
500.5	,	0.96
500.6	,	0.97
500.7	,	0.96
500.8	,	0.96
500.9	,	0.96
501	,	0.97
501.1	,	0.96
501.2	,	0.96
501.3	,	0.97
501.4	,	0.97
501.5	,	0.96
501.6	,	0.97
501.7	,	0.96
501.8	,	0.96
501.9	,	0.96
502	,	0.96
502.1	,	0.97
502.2	,	0.96
502.3	,	0.97
502.4	,	0.96
502.5	,	0.97
502.6	,	0.96
502.7	,	0.97
502.8	,	0.97
502.9	,	0.96
503	,	0.96
503.1	,	0.97
503.2	,	0.95
503.3	,	0.97
503.4	,	0.97
503.5	,	0.97
503.6	,	0.96
503.7	,	0.97
503.8	,	0.97
503.9	,	0.96
504	,	0.96
504.1	,	0.96
504.2	,	0.97
504.3	,	0.97
504.4	,	0.97
504.5	,	0.97
504.6	,	0.97
504.7	,	0.96
504.8	,	0.96
504.9	,	0.96
505	,	0.96
505.1	,	0.97
505.2	,	0.97
505.3	,	0.97
505.4	,	0.98
505.5	,	0.98
505.6	,	0.98
505.7	,	0.97
505.8	,	0.96
505.9	,	0.97
506	,	0.98
506.1	,	0.96
506.2	,	0.96
506.3	,	0.97
506.4	,	0.97
506.5	,	0.97
506.6	,	0.97
506.7	,	0.97
506.8	,	0.97
506.9	,	0.97
507	,	0.97
507.1	,	0.97
507.2	,	0.97
507.3	,	0.96
507.4	,	0.97
507.5	,	0.97
507.6	,	0.96
507.7	,	0.96
507.8	,	0.97
507.9	,	0.97
508	,	0.98
508.1	,	0.97
508.2	,	0.97
508.3	,	0.98
508.4	,	0.97
508.5	,	0.97
508.6	,	0.98
508.7	,	0.98
508.8	,	0.95
508.9	,	0.97
509	,	0.98
509.1	,	0.97
509.2	,	0.97
509.3	,	0.97
509.4	,	0.98
509.5	,	0.97
509.6	,	0.98
509.7	,	0.97
509.8	,	0.97
509.9	,	0.98
510	,	0.97
510.1	,	0.96
510.2	,	0.97
510.3	,	0.97
510.4	,	0.97
510.5	,	0.97
510.6	,	0.99
510.7	,	0.97
510.8	,	0.97
510.9	,	0.97
511	,	0.98
511.1	,	0.97
511.2	,	0.98
511.3	,	0.96
511.4	,	0.98
511.5	,	0.98
511.6	,	0.97
511.7	,	0.97
511.8	,	0.98
511.9	,	0.97
512	,	0.98
512.1	,	0.97
512.2	,	0.98
512.3	,	0.97
512.4	,	0.99
512.5	,	0.98
512.6	,	0.98
512.7	,	0.98
512.8	,	0.97
512.9	,	0.98
513	,	0.97
513.1	,	0.97
513.2	,	0.98
513.3	,	0.97
513.4	,	0.97
513.5	,	0.97
513.6	,	0.98
513.7	,	0.98
513.8	,	0.97
513.9	,	0.98
514	,	0.99
514.1	,	0.98
514.2	,	0.97
514.3	,	0.98
514.4	,	0.98
514.5	,	0.98
514.6	,	0.98
514.7	,	0.97
514.8	,	0.97
514.9	,	0.98
515	,	0.98
515.1	,	0.97
515.2	,	0.98
515.3	,	0.97
515.4	,	0.98
515.5	,	0.98
515.6	,	0.97
515.7	,	0.97
515.8	,	0.97
515.9	,	0.98
516	,	0.96
516.1	,	0.98
516.2	,	0.99
516.3	,	0.97
516.4	,	0.98
516.5	,	0.98
516.6	,	0.97
516.7	,	0.97
516.8	,	0.97
516.9	,	0.98
517	,	0.98
517.1	,	0.98
517.2	,	0.98
517.3	,	0.98
517.4	,	0.98
517.5	,	0.97
517.6	,	0.98
517.7	,	0.98
517.8	,	0.98
517.9	,	0.97
518	,	0.99
518.1	,	0.97
518.2	,	0.98
518.3	,	0.98
518.4	,	0.98
518.5	,	0.97
518.6	,	0.98
518.7	,	0.98
518.8	,	0.98
518.9	,	0.98
519	,	0.98
519.1	,	0.98
519.2	,	0.99
519.3	,	0.98
519.4	,	0.98
519.5	,	0.96
519.6	,	0.98
519.7	,	0.98
519.8	,	0.98
519.9	,	0.99
520	,	0.98
520.1	,	0.99
520.2	,	0.98
520.3	,	0.98
520.4	,	0.97
520.5	,	0.98
520.6	,	0.98
520.7	,	0.97
520.8	,	0.98
520.9	,	0.98
521	,	0.97
521.1	,	0.98
521.2	,	0.98
521.3	,	0.98
521.4	,	0.97
521.5	,	0.97
521.6	,	0.98
521.7	,	0.98
521.8	,	0.98
521.9	,	0.98
522	,	0.98
522.1	,	0.98
522.2	,	0.97
522.3	,	0.98
522.4	,	0.98
522.5	,	0.99
522.6	,	0.98
522.7	,	0.97
522.8	,	0.98
522.9	,	0.98
523	,	0.99
523.1	,	0.98
523.2	,	0.98
523.3	,	0.98
523.4	,	0.98
523.5	,	0.98
523.6	,	0.99
523.7	,	0.99
523.8	,	0.99
523.9	,	0.98
524	,	0.98
524.1	,	0.99
524.2	,	0.98
524.3	,	0.98
524.4	,	0.98
524.5	,	0.97
524.6	,	0.98
524.7	,	0.99
524.8	,	0.98
524.9	,	0.98
525	,	0.99
525.1	,	0.98
525.2	,	0.97
525.3	,	0.98
525.4	,	0.99
525.5	,	0.97
525.6	,	0.98
525.7	,	0.98
525.8	,	0.99
525.9	,	0.98
526	,	0.98
526.1	,	1.00
526.2	,	0.98
526.3	,	0.98
526.4	,	0.98
526.5	,	0.99
526.6	,	0.97
526.7	,	0.99
526.8	,	0.98
526.9	,	0.98
527	,	0.99
527.1	,	0.99
527.2	,	0.99
527.3	,	0.99
527.4	,	0.99
527.5	,	0.98
527.6	,	0.98
527.7	,	0.99
527.8	,	0.99
527.9	,	0.99
528	,	0.99
528.1	,	0.98
528.2	,	0.98
528.3	,	0.98
528.4	,	0.99
528.5	,	0.98
528.6	,	0.98
528.7	,	0.98
528.8	,	0.99
528.9	,	0.99
529	,	0.99
529.1	,	0.99
529.2	,	0.98
529.3	,	0.98
529.4	,	0.98
529.5	,	0.99
529.6	,	0.98
529.7	,	0.99
529.8	,	0.98
529.9	,	0.99
530	,	0.98
530.1	,	0.98
530.2	,	0.98
530.3	,	0.98
530.4	,	0.99
530.5	,	0.98
530.6	,	0.98
530.7	,	0.99
530.8	,	0.99
530.9	,	0.98
531	,	0.98
531.1	,	0.99
531.2	,	0.99
531.3	,	0.99
531.4	,	0.99
531.5	,	1.00
531.6	,	0.99
531.7	,	0.98
531.8	,	0.98
531.9	,	0.99
532	,	0.99
532.1	,	0.98
532.2	,	0.99
532.3	,	0.99
532.4	,	0.99
532.5	,	0.98
532.6	,	0.99
532.7	,	1.00
532.8	,	0.99
532.9	,	0.98
533	,	0.99
533.1	,	0.99
533.2	,	0.98
533.3	,	0.99
533.4	,	0.99
533.5	,	1.00
533.6	,	0.98
533.7	,	0.98
533.8	,	0.99
533.9	,	0.99
534	,	0.99
534.1	,	0.99
534.2	,	0.99
534.3	,	0.99
534.4	,	0.99
534.5	,	0.99
534.6	,	1.00
534.7	,	0.99
534.8	,	0.98
534.9	,	0.99
535	,	0.99
535.1	,	0.99
535.2	,	0.99
535.3	,	0.98
535.4	,	0.99
535.5	,	0.98
535.6	,	0.99
535.7	,	0.99
535.8	,	0.99
535.9	,	0.99
536	,	0.98
536.1	,	0.99
536.2	,	0.99
536.3	,	0.99
536.4	,	0.99
536.5	,	0.99
536.6	,	0.99
536.7	,	0.98
536.8	,	0.98
536.9	,	0.99
537	,	0.98
537.1	,	1.00
537.2	,	0.99
537.3	,	1.00
537.4	,	0.99
537.5	,	0.99
537.6	,	0.99
537.7	,	0.99
537.8	,	0.99
537.9	,	0.99
538	,	0.99
538.1	,	1.00
538.2	,	0.99
538.3	,	0.99
538.4	,	1.00
538.5	,	1.00
538.6	,	0.99
538.7	,	0.99
538.8	,	1.00
538.9	,	0.99
539	,	0.98
539.1	,	0.99
539.2	,	0.99
539.3	,	1.00
539.4	,	1.00
539.5	,	1.00
539.6	,	0.98
539.7	,	1.00
539.8	,	1.00
539.9	,	1.00
